{
    "login_cdsl_connector": {
        "category": 5,
        "type": "actionabl_rpa",
        "name": "Login CDSL Connector",
        "active": true,
        "retry_count": 2,
        "config_dat": {
            "script_type": 4,
            "script_name": "custom/BOD Download Process/login_cdsl.js",
            "script_params": {}
        },
        "updated_at": 1658913394417,
        "updated_by": "keval"
    },
    "login_cdas_connector": {
        "category": 5,
        "type": "actionabl_rpa",
        "name": "Login CDAS Connector",
        "active": true,
        "retry_count": 1,
        "config_dat": {
            "script_type": 4,
            "script_name": "custom/BOD Download Process/login_cdas.js",
            "script_params": {}
        },
        "updated_at": 1658913921898,
        "updated_by": "keval"
    },
    "open_reports_connector": {
        "category": 5,
        "type": "actionabl_rpa",
        "name": "Open Reports Connector",
        "active": true,
        "retry_count": 1,
        "config_dat": {
            "script_type": 4,
            "script_name": "custom/BOD Download Process/open_reports.js",
            "script_params": {}
        },
        "updated_at": 1658913974611,
        "updated_by": "keval"
    },
    "open_report_download_connector": {
        "category": 5,
        "type": "actionabl_rpa",
        "name": "Open Report Download connector",
        "active": true,
        "retry_count": 1,
        "config_dat": {
            "script_type": 4,
            "script_name": "custom/BOD Download Process/open_report_download.js",
            "script_params": {}
        },
        "updated_at": 1658914017329,
        "updated_by": "keval"
    },
    "download_cd03_connector": {
        "category": 5,
        "type": "actionabl_rpa",
        "name": "Download CD03 Connector",
        "active": true,
        "retry_count": 2,
        "config_dat": {
            "script_type": 4,
            "script_name": "custom/BOD Download Process/download_cd03.js",
            "script_params": {
                "module_id": {
                    "type": 1,
                    "value": "06"
                },
                "report_id": {
                    "type": 1,
                    "value": "CD03"
                }
            }
        },
        "updated_at": 1659004905996,
        "updated_by": "keval"
    },
    "download_cd07_connector": {
        "category": 5,
        "type": "actionabl_rpa",
        "name": "Download CD07 Connector",
        "active": true,
        "retry_count": 0,
        "config_dat": {
            "script_type": 4,
            "script_name": "custom/BOD Download Process/download_cd07.js",
            "script_params": {
                "module_id": {
                    "type": 1,
                    "value": "06"
                },
                "report_id": {
                    "type": 1,
                    "value": "CD07"
                }
            }
        },
        "updated_at": 1659004955712,
        "updated_by": "keval"
    },
    "download_cd01_connector": {
        "category": 5,
        "type": "actionabl_rpa",
        "name": "Download CD01 Connector",
        "active": true,
        "retry_count": 0,
        "config_dat": {
            "script_type": 4,
            "script_name": "custom/BOD Download Process/download_cd01.js",
            "script_params": {
                "module_id": {
                    "type": 1,
                    "value": "06"
                },
                "report_id": {
                    "type": 1,
                    "value": "CD01"
                }
            }
        },
        "updated_at": 1659331470983,
        "updated_by": "keval"
    },
    "download_dpa7_connector": {
        "category": 5,
        "type": "actionabl_rpa",
        "name": "Download DPA7 Connector",
        "active": true,
        "retry_count": 0,
        "config_dat": {
            "script_type": 4,
            "script_name": "custom/BOD Download Process/download_dpa7.js",
            "script_params": {
                "report_id": {
                    "type": 1,
                    "value": "DPA7"
                },
                "module_id": {
                    "type": 1,
                    "value": "06"
                }
            }
        },
        "updated_at": 1659526331350,
        "updated_by": "keval"
    },
    "download_cd05_connector": {
        "category": 5,
        "type": "actionabl_rpa",
        "name": "Download CD05 Connector",
        "active": true,
        "retry_count": 0,
        "config_dat": {
            "script_type": 4,
            "script_name": "custom/BOD Download Process/download_cd05.js",
            "script_params": {
                "module_id": {
                    "type": 1,
                    "value": "06"
                },
                "report_id": {
                    "type": 1,
                    "value": "CD05"
                }
            }
        },
        "updated_at": 1659422183428,
        "updated_by": "keval"
    },
    "download_cd02_connector": {
        "category": 5,
        "type": "actionabl_rpa",
        "name": "Download CD02 Connector",
        "active": true,
        "retry_count": 0,
        "config_dat": {
            "script_type": 4,
            "script_name": "custom/BOD Download Process/download_cd02.js",
            "script_params": {
                "module_id": {
                    "type": 1,
                    "value": "06"
                },
                "report_id": {
                    "type": 1,
                    "value": "CD02"
                }
            }
        },
        "updated_at": 1659422495338,
        "updated_by": "keval"
    },
    "download_cd04_connector": {
        "category": 5,
        "type": "actionabl_rpa",
        "name": "Download CD04 Connector",
        "active": true,
        "retry_count": 0,
        "config_dat": {
            "script_type": 4,
            "script_name": "custom/BOD Download Process/download_cd04.js",
            "script_params": {
                "module_id": {
                    "type": 1,
                    "value": "06"
                },
                "report_id": {
                    "type": 1,
                    "value": "CD04"
                }
            }
        },
        "updated_at": 1662960418379,
        "updated_by": "keval"
    },
    "download_cd10_connector": {
        "category": 5,
        "type": "actionabl_rpa",
        "name": "Download CD10 Connector",
        "active": true,
        "retry_count": 0,
        "config_dat": {
            "script_type": 4,
            "script_name": "custom/BOD Download Process/download_cd10.js",
            "script_params": {
                "module_id": {
                    "type": 1,
                    "value": "06"
                },
                "report_id": {
                    "type": 1,
                    "value": "CD10"
                }
            }
        },
        "updated_at": 1659431152939,
        "updated_by": "keval"
    },
    "download_cd11_connector": {
        "category": 5,
        "type": "actionabl_rpa",
        "name": "Download CD11 Connector",
        "active": true,
        "retry_count": 0,
        "config_dat": {
            "script_type": 4,
            "script_name": "custom/BOD Download Process/download_cd11.js",
            "script_params": {
                "module_id": {
                    "type": 1,
                    "value": "06"
                },
                "report_id": {
                    "type": 1,
                    "value": "CD11"
                }
            }
        },
        "updated_at": 1659431376566,
        "updated_by": "keval"
    },
    "download_cd12_connector": {
        "category": 5,
        "type": "actionabl_rpa",
        "name": "Download CD12 Connector",
        "active": true,
        "retry_count": 0,
        "config_dat": {
            "script_type": 4,
            "script_name": "custom/BOD Download Process/download_cd12.js",
            "script_params": {
                "module_id": {
                    "type": 1,
                    "value": "06"
                },
                "report_id": {
                    "type": 1,
                    "value": "CD12"
                }
            }
        },
        "updated_at": 1659431593799,
        "updated_by": "keval"
    },
    "download_isin_connector": {
        "category": 5,
        "type": "actionabl_rpa",
        "name": "Download ISIN Connector",
        "active": true,
        "retry_count": 0,
        "config_dat": {
            "script_type": 4,
            "script_name": "custom/BOD Download Process/download_isin.js",
            "script_params": {
                "module_id": {
                    "type": 1,
                    "value": 70
                },
                "report_id": {
                    "type": 1,
                    "value": "ISIN"
                }
            }
        },
        "updated_at": 1663907031522,
        "updated_by": "keval"
    },
    "download_dps8_connector": {
        "category": 5,
        "type": "actionabl_rpa",
        "name": "Download DPS8 Connector",
        "active": true,
        "retry_count": 0,
        "config_dat": {
            "script_type": 4,
            "script_name": "custom/BOD Download Process/download_dps8.js",
            "script_params": {
                "module_id": {
                    "type": 1,
                    "value": "08"
                },
                "report_id": {
                    "type": 1,
                    "value": "DPS8"
                }
            }
        },
        "updated_at": 1659521937873,
        "updated_by": "keval"
    },
    "download_dp57_connector": {
        "category": 5,
        "type": "actionabl_rpa",
        "name": "Download DP57 Connector",
        "active": true,
        "retry_count": 0,
        "config_dat": {
            "script_type": 4,
            "script_name": "custom/BOD Download Process/download_dp57_eod.js",
            "script_params": {
                "module_id": {
                    "type": 1,
                    "value": 44
                },
                "report_id": {
                    "type": 1,
                    "value": "DP57"
                }
            }
        },
        "updated_at": 1660026942547,
        "updated_by": "keval"
    },
    "download_dpm3_connector": {
        "category": 5,
        "type": "actionabl_rpa",
        "name": "Download DPM3 Connector",
        "active": true,
        "retry_count": 0,
        "config_dat": {
            "script_type": 4,
            "script_name": "custom/BOD Download Process/download_dpm3.js",
            "script_params": {
                "module_id": {
                    "type": 1,
                    "value": 11
                },
                "report_id": {
                    "type": 1,
                    "value": "DPM3"
                }
            }
        },
        "updated_at": 1659617054776,
        "updated_by": "keval"
    },
    "download_dpm4_connector": {
        "category": 5,
        "type": "actionabl_rpa",
        "name": "Download DPM4 Connector",
        "active": true,
        "retry_count": 0,
        "config_dat": {
            "script_type": 4,
            "script_name": "custom/BOD Download Process/download_dpm4.js",
            "script_params": {
                "module_id": {
                    "type": 1,
                    "value": 11
                },
                "report_id": {
                    "type": 1,
                    "value": "DPM4"
                }
            }
        },
        "updated_at": 1659617303827,
        "updated_by": "keval"
    },
    "download_dpc3_connector": {
        "category": 5,
        "type": "actionabl_rpa",
        "name": "Download DPC3 Connector",
        "active": true,
        "retry_count": 0,
        "config_dat": {
            "script_type": 4,
            "script_name": "custom/BOD Download Process/download_dpc3.js",
            "script_params": {
                "module_id": {
                    "type": 1,
                    "value": "08"
                },
                "report_id": {
                    "type": 1,
                    "value": "DPC3"
                },
                "browse_folder_path": {
                    "type": 1,
                    "value": "This PC>reports>1>86700>{{data_format:ddMMMyyyy}}"
                }
            }
        },
        "updated_at": 1666954143411,
        "updated_by": "keval"
    },
    "download_all_connector": {
        "category": 5,
        "type": "actionabl_rpa",
        "name": "Download ALL Connector",
        "active": true,
        "config_dat": {
            "script_type": 4,
            "script_name": "custom/BOD Download Process/download_all.js",
            "script_params": {
                "module_id": {
                    "type": 1,
                    "value": "ALL"
                },
                "report_id": {
                    "type": 1,
                    "value": "ALL"
                }
            }
        },
        "updated_at": 1660035328143,
        "updated_by": "keval"
    },
    "close_all_relogin_connector": {
        "category": 5,
        "type": "actionabl_rpa",
        "name": "Close All and Relogin connector",
        "active": true,
        "config_dat": {
            "script_type": 4,
            "script_name": "custom/BOD Download Process/close_all_relogin.js",
            "script_params": {}
        },
        "updated_at": 1661416696917,
        "updated_by": "keval"
    },
    "setup_reports": {
        "category": 5,
        "type": "actionabl_rpa",
        "name": "Setup Reports",
        "active": true,
        "config_dat": {
            "script_type": 4,
            "script_name": "custom/BOD Download Process/setup_reports.js",
            "script_params": {}
        },
        "updated_at": 1662958222886,
        "updated_by": "keval"
    },
    "copy_master_files_connector": {
        "category": 5,
        "type": "actionabl_rpa",
        "name": "Copy Master Files Connector",
        "active": true,
        "config_dat": {
            "script_type": 4,
            "script_name": "custom/BOD Download Process/copy_master_files.js",
            "script_params": {}
        },
        "updated_at": 1663672217244,
        "updated_by": "keval"
    },
    "bod_ftp_uat": {
        "category": 7,
        "type": "ftp",
        "name": "BOD FTP UAT",
        "active": true,
        "config_dat": {
            "ftp_site": "bod_uat_ftp_site",
            "num_try": 2,
            "ftp_commands": [
                {
                    "command_type": 6,
                    "ftp_folder": "/cdsl/imports",
                    "prepared_list": "bod_master_files_list",
                    "local_folder": "Y:\\1\\86700\\{{data_format:ddMMMyyyy}}\\"
                }
            ]
        },
        "updated_at": 1663829793150,
        "updated_by": "keval"
    },
    "bod_ftp_uat_121": {
        "category": 7,
        "type": "ftp",
        "name": "BOD FTP UAT 121",
        "active": true,
        "updated_at": 1663830534470,
        "updated_by": "keval",
        "config_dat": {
            "ftp_site": "bod_ftp_uat_site_121",
            "num_try": 2,
            "ftp_commands": [
                {
                    "command_type": 6,
                    "ftp_folder": "/cdsl/imports",
                    "prepared_list": "bod_master_files_list",
                    "local_folder": "Y:\\1\\86700\\{{data_format:ddMMMyyyy}}"
                }
            ]
        }
    },
    "copy_transaction_files_connector": {
        "category": 5,
        "type": "actionabl_rpa",
        "name": "Copy Transaction Files Connector",
        "active": true,
        "config_dat": {
            "script_type": 4,
            "script_name": "custom/BOD Download Process/copy_transaction_files.js",
            "script_params": {}
        },
        "updated_at": 1663848963908,
        "updated_by": "keval"
    },
    "bod_ftp_prod_110": {
        "category": 7,
        "type": "ftp",
        "name": "BOD FTP PROD 110",
        "active": true,
        "updated_at": 1667388600509,
        "updated_by": "keval",
        "config_dat": {
            "ftp_site": "bod_ftp_prod_site_110",
            "num_try": 2,
            "ftp_commands": [
                {
                    "command_type": 6,
                    "ftp_folder": "/cdsl/imports",
                    "prepared_list": "bod_transaction_files_list",
                    "local_folder": "Y:\\1\\86700\\{{data_format:ddMMMyyyy}}\\"
                },
                {
                    "command_type": 6,
                    "ftp_folder": "/cdsl/imports",
                    "local_folder": "Y:\\1\\86700\\{{data_format:ddMMMyyyy}}\\{{bod_sign_folder_name}}\\",
                    "file_list": [
                        {
                            "name": "08DPC3DAILY1.1.txt",
                            "required": true
                        }
                    ]
                }
            ],
            "error_on_incomplete": false
        }
    },
    "bod_ftp_prod_176": {
        "category": 7,
        "type": "ftp",
        "name": "BOD FTP PROD 176",
        "active": true,
        "updated_at": 1667388617181,
        "updated_by": "keval",
        "config_dat": {
            "ftp_site": "bod_ftp_prod_site_176",
            "num_try": 2,
            "ftp_commands": [
                {
                    "command_type": 6,
                    "ftp_folder": "/cdsl/imports",
                    "prepared_list": "bod_transaction_files_list",
                    "local_folder": "Y:\\1\\86700\\{{data_format:ddMMMyyyy}}"
                },
                {
                    "command_type": 6,
                    "ftp_folder": "/cdsl/imports",
                    "local_folder": "Y:\\1\\86700\\{{data_format:ddMMMyyyy}}\\{{bod_sign_folder_name}}\\",
                    "file_list": [
                        {
                            "name": "08DPC3DAILY1.1.txt",
                            "required": true
                        }
                    ]
                }
            ]
        }
    },
    "transactional_files_download_check_connector": {
        "category": 5,
        "type": "actionabl_rpa",
        "name": "Transactional Files Download Connector",
        "active": true,
        "config_dat": {
            "script_type": 4,
            "script_name": "custom/BOD Download Process/transactional_files_download_check.js",
            "script_params": {}
        },
        "updated_at": 1668590851471,
        "updated_by": "keval"
    }
}