{
  "bod_download_process-login_cdsl": {
    "proc_def_key": "bod_download_process",
    "task_key": "login_cdsl",
    "automation_id": "login_cdsl_connector",
    "execution_mode": 1,
    "active": true,
    "updated_at": 1662973432606,
    "updated_by": "keval"
  },
  "bod_download_process-login_cdasweb": {
    "proc_def_key": "bod_download_process",
    "task_key": "login_cdasweb",
    "automation_id": "login_cdas_connector",
    "execution_mode": 1,
    "active": true,
    "updated_at": 1662973432617,
    "updated_by": "keval"
  },
  "bod_download_process-open_reports": {
    "proc_def_key": "bod_download_process",
    "task_key": "open_reports",
    "automation_id": "open_reports_connector",
    "execution_mode": 1,
    "active": true,
    "updated_at": 1662973432624,
    "updated_by": "keval"
  },
  "bod_download_process-open_reports_download": {
    "proc_def_key": "bod_download_process",
    "task_key": "open_reports_download",
    "automation_id": "open_report_download_connector",
    "execution_mode": 1,
    "active": true,
    "updated_at": 1662973432630,
    "updated_by": "keval"
  },
  "bod_download_process-download_cd03": {
    "proc_def_key": "bod_download_process",
    "task_key": "download_cd03",
    "automation_id": "download_cd03_connector",
    "execution_mode": 1,
    "active": true,
    "updated_at": 1662973432636,
    "updated_by": "keval"
  },
  "bod_download_process-download_cd07": {
    "proc_def_key": "bod_download_process",
    "task_key": "download_cd07",
    "automation_id": "download_cd07_connector",
    "execution_mode": 1,
    "active": true,
    "updated_at": 1662973432642,
    "updated_by": "keval"
  },
  "bod_download_process-download_cd01": {
    "proc_def_key": "bod_download_process",
    "task_key": "download_cd01",
    "automation_id": "download_cd01_connector",
    "execution_mode": 1,
    "active": true,
    "updated_at": 1662973432648,
    "updated_by": "keval"
  },
  "bod_download_process-download_dpa7": {
    "proc_def_key": "bod_download_process",
    "task_key": "download_dpa7",
    "automation_id": "download_dpa7_connector",
    "execution_mode": 1,
    "active": true,
    "updated_at": 1662973432654,
    "updated_by": "keval"
  },
  "bod_download_process-download_cd05": {
    "proc_def_key": "bod_download_process",
    "task_key": "download_cd05",
    "automation_id": "download_cd05_connector",
    "execution_mode": 1,
    "active": true,
    "updated_at": 1662973432660,
    "updated_by": "keval"
  },
  "bod_download_process-download_cd02": {
    "proc_def_key": "bod_download_process",
    "task_key": "download_cd02",
    "automation_id": "download_cd02_connector",
    "execution_mode": 1,
    "active": true,
    "updated_at": 1662973432666,
    "updated_by": "keval"
  },
  "bod_download_process-download_cd04": {
    "proc_def_key": "bod_download_process",
    "task_key": "download_cd04",
    "automation_id": "download_cd04_connector",
    "execution_mode": 1,
    "active": true,
    "updated_at": 1662973432672,
    "updated_by": "keval"
  },
  "bod_download_process-download_cd10": {
    "proc_def_key": "bod_download_process",
    "task_key": "download_cd10",
    "automation_id": "download_cd10_connector",
    "execution_mode": 1,
    "active": true,
    "updated_at": 1662973432678,
    "updated_by": "keval"
  },
  "bod_download_process-download_cd11": {
    "proc_def_key": "bod_download_process",
    "task_key": "download_cd11",
    "automation_id": "download_cd11_connector",
    "execution_mode": 1,
    "active": true,
    "updated_at": 1662973432684,
    "updated_by": "keval"
  },
  "bod_download_process-download_cd12": {
    "proc_def_key": "bod_download_process",
    "task_key": "download_cd12",
    "automation_id": "download_cd12_connector",
    "execution_mode": 1,
    "active": true,
    "updated_at": 1662973432689,
    "updated_by": "keval"
  },
  "bod_download_process-download_isin": {
    "proc_def_key": "bod_download_process",
    "task_key": "download_isin",
    "automation_id": "download_isin_connector",
    "execution_mode": 1,
    "active": true,
    "updated_at": 1662973432695,
    "updated_by": "keval"
  },
  "bod_download_process-download_dps8": {
    "proc_def_key": "bod_download_process",
    "task_key": "download_dps8",
    "automation_id": "download_dps8_connector",
    "execution_mode": 1,
    "active": true,
    "updated_at": 1662973432701,
    "updated_by": "keval"
  },
  "bod_download_process-download_dp57_eod": {
    "proc_def_key": "bod_download_process",
    "task_key": "download_dp57_eod",
    "automation_id": "download_dp57_connector",
    "execution_mode": 1,
    "active": true,
    "updated_at": 1662973432709,
    "updated_by": "keval"
  },
  "bod_download_process-download_dpm3": {
    "proc_def_key": "bod_download_process",
    "task_key": "download_dpm3",
    "automation_id": "download_dpm3_connector",
    "execution_mode": 1,
    "active": true,
    "updated_at": 1662973432715,
    "updated_by": "keval"
  },
  "bod_download_process-download_dpm4": {
    "proc_def_key": "bod_download_process",
    "task_key": "download_dpm4",
    "automation_id": "download_dpm4_connector",
    "execution_mode": 1,
    "active": true,
    "updated_at": 1662973432721,
    "updated_by": "keval"
  },
  "bod_download_process-download_dpc3": {
    "proc_def_key": "bod_download_process",
    "task_key": "download_dpc3",
    "automation_id": "download_dpc3_connector",
    "execution_mode": 1,
    "active": true,
    "updated_at": 1662973432727,
    "updated_by": "keval"
  },
  "bod_download_process-download_all": {
    "proc_def_key": "bod_download_process",
    "task_key": "download_all",
    "automation_id": "download_all_connector",
    "execution_mode": 1,
    "active": true,
    "updated_at": 1662973432732,
    "updated_by": "keval"
  },
  "bod_download_process-rule": {
    "proc_def_key": "bod_download_process",
    "task_key": "*",
    "automation_id": "rule",
    "execution_mode": 1,
    "active": true,
    "updated_at": 1662973432740,
    "updated_by": "keval"
  },
  "bod_download_process-setup_reports": {
    "proc_def_key": "bod_download_process",
    "task_key": "setup_reports",
    "automation_id": "setup_reports",
    "execution_mode": 1,
    "active": true,
    "updated_at": 1662973432747,
    "updated_by": "keval"
  },
  "bod_download_process-copy_master_files": {
    "proc_def_key": "bod_download_process",
    "task_key": "copy_master_files",
    "automation_id": "copy_master_files_connector",
    "execution_mode": 1,
    "active": true,
    "updated_at": 1663672824841,
    "updated_by": "keval"
  },
  "bod_download_process-master_files_ftp_transfer_site_1": {
    "proc_def_key": "bod_download_process",
    "task_key": "master_files_ftp_transfer_site_1",
    "automation_id": "bod_ftp_prod_110",
    "execution_mode": 1,
    "active": true,
    "updated_at": 1663753813478,
    "updated_by": "keval"
  },
  "bod_download_process-master_files_ftp_transfer_site_2": {
    "proc_def_key": "bod_download_process",
    "task_key": "master_files_ftp_transfer_site_2",
    "automation_id": "bod_ftp_prod_176",
    "execution_mode": 1,
    "active": true,
    "updated_at": 1663753813485,
    "updated_by": "keval"
  },
  "bod_download_process-copy_transaction_files": {
    "proc_def_key": "bod_download_process",
    "task_key": "copy_transaction_files",
    "automation_id": "copy_transaction_files_connector",
    "execution_mode": 1,
    "active": true,
    "updated_at": 1663916536097,
    "updated_by": "keval"
  },
  "bod_download_process-transaction_files_ftp_transfer_site_1": {
    "proc_def_key": "bod_download_process",
    "task_key": "transaction_files_ftp_transfer_site_1",
    "automation_id": "bod_ftp_prod_110",
    "execution_mode": 1,
    "active": true,
    "updated_at": 1663916536106,
    "updated_by": "keval"
  },
  "bod_download_process-transaction_files_ftp_transfer_site_2": {
    "proc_def_key": "bod_download_process",
    "task_key": "transaction_files_ftp_transfer_site_2",
    "automation_id": "bod_ftp_prod_176",
    "execution_mode": 1,
    "active": true,
    "updated_at": 1663916536112,
    "updated_by": "keval"
  }
}
