{
    "skip_login_cdsl": {
        "name": "Skip Login CDSL",
        "type": 4,
        "active": true,
        "config_dat": {},
        "updated_at": 1658913263937,
        "updated_by": "keval"
    },
    "login_cdsl_complete": {
        "name": "Login CDSL Complete",
        "type": 4,
        "active": true,
        "config_dat": {},
        "updated_at": 1658913328419,
        "updated_by": "keval"
    },
    "skip_login_cdas": {
        "name": "Skip Login CDAS",
        "type": 4,
        "active": true,
        "config_dat": {},
        "updated_at": 1658989123335,
        "updated_by": "keval"
    },
    "login_cdas_complete": {
        "name": "Login CDAS Complete",
        "type": 4,
        "active": true,
        "config_dat": {},
        "updated_at": 1658989144782,
        "updated_by": "keval"
    },
    "skip_open_reports": {
        "name": "Skip Open Reports",
        "type": 4,
        "active": true,
        "config_dat": {},
        "updated_at": 1659004015694,
        "updated_by": "keval"
    },
    "skip_open_report_download": {
        "name": "Skip Open Report Download",
        "type": 4,
        "active": true,
        "config_dat": {},
        "updated_at": 1659004046109,
        "updated_by": "keval"
    },
    "open_reports_complete": {
        "name": "Open Reports Complete",
        "type": 4,
        "active": true,
        "config_dat": {},
        "updated_at": 1659528951147,
        "updated_by": "keval"
    },
    "open_report_download_complete": {
        "name": "Open Report Download Complete",
        "type": 4,
        "active": true,
        "config_dat": {},
        "updated_at": 1659528978217,
        "updated_by": "keval"
    },
    "from_date": {
        "name": "From Date",
        "type": 5,
        "active": true,
        "config_dat": {},
        "updated_at": 1661151171127,
        "updated_by": "keval"
    },
    "to_date": {
        "name": "To Date",
        "type": 5,
        "active": true,
        "config_dat": {},
        "updated_at": 1661151184565,
        "updated_by": "keval"
    },
    "skip_download_cd03": {
        "name": "Skip Download CD03",
        "type": 4,
        "active": true,
        "config_dat": {},
        "updated_at": 1658913263937,
        "updated_by": "keval"
    },
    "download_cd03_complete": {
        "name": "Download CD03 Complete",
        "type": 4,
        "active": true,
        "config_dat": {},
        "updated_at": 1658913328419,
        "updated_by": "keval"
    },
    "skip_download_cd07": {
        "name": "Skip Download CD07",
        "type": 4,
        "active": true,
        "config_dat": {},
        "updated_at": 1658913263937,
        "updated_by": "keval"
    },
    "download_cd07_complete": {
        "name": "Download CD07 Complete",
        "type": 4,
        "active": true,
        "config_dat": {},
        "updated_at": 1658913328419,
        "updated_by": "keval"
    },
    "skip_download_cd01": {
        "name": "Skip Download CD01",
        "type": 4,
        "active": true,
        "config_dat": {},
        "updated_at": 1658913263937,
        "updated_by": "keval"
    },
    "download_cd01_complete": {
        "name": "Download CD01 Complete",
        "type": 4,
        "active": true,
        "config_dat": {},
        "updated_at": 1658913328419,
        "updated_by": "keval"
    },
    "skip_download_cd05": {
        "name": "Skip Download CD05",
        "type": 4,
        "active": true,
        "config_dat": {},
        "updated_at": 1658913263937,
        "updated_by": "keval"
    },
    "download_cd05_complete": {
        "name": "Download CD05 Complete",
        "type": 4,
        "active": true,
        "config_dat": {},
        "updated_at": 1658913328419,
        "updated_by": "keval"
    },
    "skip_download_cd02": {
        "name": "Skip Download CD02",
        "type": 4,
        "active": true,
        "config_dat": {},
        "updated_at": 1658913263937,
        "updated_by": "keval"
    },
    "download_cd02_complete": {
        "name": "Download CD02 Complete",
        "type": 4,
        "active": true,
        "config_dat": {},
        "updated_at": 1658913328419,
        "updated_by": "keval"
    },
    "skip_download_cd04": {
        "name": "Skip Download CD04",
        "type": 4,
        "active": true,
        "config_dat": {},
        "updated_at": 1658913263937,
        "updated_by": "keval"
    },
    "download_cd04_complete": {
        "name": "Download CD04 Complete",
        "type": 4,
        "active": true,
        "config_dat": {},
        "updated_at": 1658913328419,
        "updated_by": "keval"
    },
    "skip_download_cd10": {
        "name": "Skip Download CD10",
        "type": 4,
        "active": true,
        "config_dat": {},
        "updated_at": 1658913263937,
        "updated_by": "keval"
    },
    "download_cd10_complete": {
        "name": "Download CD10 Complete",
        "type": 4,
        "active": true,
        "config_dat": {},
        "updated_at": 1658913328419,
        "updated_by": "keval"
    },
    "skip_download_cd11": {
        "name": "Skip Download CD11",
        "type": 4,
        "active": true,
        "config_dat": {},
        "updated_at": 1658913263937,
        "updated_by": "keval"
    },
    "download_cd11_complete": {
        "name": "Download CD11 Complete",
        "type": 4,
        "active": true,
        "config_dat": {},
        "updated_at": 1658913328419,
        "updated_by": "keval"
    },
    "skip_download_cd12": {
        "name": "Skip Download CD12",
        "type": 4,
        "active": true,
        "config_dat": {},
        "updated_at": 1658913263937,
        "updated_by": "keval"
    },
    "download_cd12_complete": {
        "name": "Download CD12 Complete",
        "type": 4,
        "active": true,
        "config_dat": {},
        "updated_at": 1658913328419,
        "updated_by": "keval"
    },
    "skip_download_dpa7": {
        "name": "Skip Download DPA7",
        "type": 4,
        "active": true,
        "config_dat": {},
        "updated_at": 1658913263937,
        "updated_by": "keval"
    },
    "download_dpa7_complete": {
        "name": "Download DPA7 Complete",
        "type": 4,
        "active": true,
        "config_dat": {},
        "updated_at": 1658913328419,
        "updated_by": "keval"
    },
    "skip_download_isin": {
        "name": "Skip Download ISIN",
        "type": 4,
        "active": true,
        "config_dat": {},
        "updated_at": 1658913263937,
        "updated_by": "keval"
    },
    "download_isin_complete": {
        "name": "Download ISIN Complete",
        "type": 4,
        "active": true,
        "config_dat": {},
        "updated_at": 1658913328419,
        "updated_by": "keval"
    },
    "skip_download_dps8": {
        "name": "Skip Download DPS8",
        "type": 4,
        "active": true,
        "config_dat": {},
        "updated_at": 1658913263937,
        "updated_by": "keval"
    },
    "download_dps8_complete": {
        "name": "Download DPS8 Complete",
        "type": 4,
        "active": true,
        "config_dat": {},
        "updated_at": 1658913328419,
        "updated_by": "keval"
    },
    "skip_download_dp57": {
        "name": "Skip Download DP57",
        "type": 4,
        "active": true,
        "config_dat": {},
        "updated_at": 1658913263937,
        "updated_by": "keval"
    },
    "download_dp57_complete": {
        "name": "Download DP57 Complete",
        "type": 4,
        "active": true,
        "config_dat": {},
        "updated_at": 1658913328419,
        "updated_by": "keval"
    },
    "skip_download_dpm3": {
        "name": "Skip Download DPM3",
        "type": 4,
        "active": true,
        "config_dat": {},
        "updated_at": 1658913263937,
        "updated_by": "keval"
    },
    "download_dpm3_complete": {
        "name": "Download DPM3 Complete",
        "type": 4,
        "active": true,
        "config_dat": {},
        "updated_at": 1658913328419,
        "updated_by": "keval"
    },
    "skip_download_dpm4": {
        "name": "Skip Download DPM4",
        "type": 4,
        "active": true,
        "config_dat": {},
        "updated_at": 1658913263937,
        "updated_by": "keval"
    },
    "download_dpm4_complete": {
        "name": "Download DPM4 Complete",
        "type": 4,
        "active": true,
        "config_dat": {},
        "updated_at": 1658913328419,
        "updated_by": "keval"
    },
    "skip_download_dpc3": {
        "name": "Skip Download DPC3",
        "type": 4,
        "active": true,
        "config_dat": {},
        "updated_at": 1658913263937,
        "updated_by": "keval"
    },
    "download_dpc3_complete": {
        "name": "Download DPC3 Complete",
        "type": 4,
        "active": true,
        "config_dat": {},
        "updated_at": 1658913328419,
        "updated_by": "keval"
    },
    "skip_download_all": {
        "name": "Skip Download ALL",
        "type": 4,
        "active": true,
        "config_dat": {},
        "updated_at": 1658913263937,
        "updated_by": "keval"
    },
    "download_all_complete": {
        "name": "Download ALL Complete",
        "type": 4,
        "active": true,
        "config_dat": {},
        "updated_at": 1658913328419,
        "updated_by": "keval"
    },
    "download_all_files": {
        "name": "Download All Files",
        "type": 4,
        "active": true,
        "config_dat": {},
        "updated_at": 1662468175020,
        "updated_by": "keval"
    },
    "skip_copy_master_files": {
        "name": "Skip Copy Master Files",
        "type": 4,
        "active": true,
        "config_dat": {},
        "updated_at": 1663672287723,
        "updated_by": "keval"
    },
    "copy_master_files_complete": {
        "name": "Copy Master Files Complete",
        "type": 4,
        "active": true,
        "config_dat": {},
        "updated_at": 1663672308486,
        "updated_by": "keval"
    },
    "bod_master_files_list": {
        "name": "BOD Master Files List",
        "type": 9,
        "is_list": false,
        "active": true,
        "config_dat": {},
        "updated_at": 1663744994312,
        "updated_by": "keval"
    },
    "bod_transaction_files_list": {
        "name": "BOD Transaction Files List",
        "type": 9,
        "is_list": false,
        "active": true,
        "config_dat": {},
        "updated_at": 1663849072063,
        "updated_by": "keval"
    },
    "copy_transaction_files_complete": {
        "name": "Copy Transaction Files Complete",
        "type": 4,
        "active": true,
        "config_dat": {},
        "updated_at": 1663916465186,
        "updated_by": "keval"
    },
    "skip_copy_transaction_files": {
        "name": "Skip Copy Transaction Files",
        "type": 4,
        "active": true,
        "config_dat": {},
        "updated_at": 1663916496825,
        "updated_by": "keval"
    },
    "bod_sign_folder_name": {
        "name": "BOD Sign Folder Name",
        "type": 1,
        "active": true,
        "config_dat": {},
        "updated_at": 1667385240533,
        "updated_by": "keval"
    },
    "bod_total_runs": {
        "name": "BOD Total Runs",
        "type": 9,
        "is_list": true,
        "active": true,
        "config_dat": {},
        "updated_at": 1668575590380,
        "updated_by": "keval"
    },
    "is_market_holiday_today": {
        "name": "Is Market Holiday Today",
        "type": 4,
        "active": true,
        "config_dat": {},
        "updated_at": 1668581045102,
        "updated_by": "keval"
    },
    "all_bod_transactional_download_completed": {
        "name": "All BOD Transactional Download Completed",
        "type": 4,
        "active": true,
        "config_dat": {},
        "updated_at": 1668591738935,
        "updated_by": "keval"
    }
}