{
  "bod_download_params": {
    "config_dat": {
      "params": {
        "dp_id": {
          "type": 1,
          "value": 86700
        },
        "login_id": {
          "type": 1,
          "value": "HSLH10375"
        },
        "pin": {
          "type": 1,
          "value": "HSjj#22#"
        },
        "password": {
          "type": 1,
          "value": "HSjj#22#"
        },
        "cdsl_app_path": {
          "type": 1,
          "value": "C:\\CDSLSecureapp\\CDSLSecureapp\\CDSLSecureapp.exe"
        },
        "cdas_app_path": {
          "type": 1,
          "value": "C:\\Program Files\\Internet Explorer\\iexplore.exe"
        },
        "main_folder_path": {
          "type": 1,
          "value": "Y:\\1\\86700\\{{data_format:ddMMMyyyy}}"
        },
        "auto_folder_path": {
          "type": 1,
          "value": "Z:\\1\\86700"
        },
        "isin_folder_path": {
          "type": 1,
          "value": "Y:\\ISINRates"
        }
      }
    },
    "type": 5,
    "name": "BOD Download Params",
    "active": true,
    "updated_at": 1666867928853,
    "updated_by": "keval"
  },
  "bod_uat_ftp_site": {
    "config_dat": {
      "host": "10.179.3.119",
      "port": 21,
      "user": "anonymous",
      "api": 1,
      "protocol": 2
    },
    "type": 3,
    "name": "BOD UAT FTP Site",
    "active": true,
    "updated_at": 1663752790020,
    "updated_by": "keval"
  },
  "bod_ftp_uat_site_121": {
    "config_dat": {
      "host": "10.179.3.121",
      "port": 21,
      "user": "anonymous",
      "password": "",
      "api": 1,
      "protocol": 2
    },
    "type": 3,
    "name": "BOD FTP UAT Site 121",
    "active": true,
    "updated_at": 1663753173904,
    "updated_by": "keval"
  },
  "bod_ftp_prod_site_110": {
    "config_dat": {
      "host": "10.176.2.110",
      "port": 21,
      "user": "dpsec",
      "password": "hsl@1234",
      "api": 1,
      "protocol": 2
    },
    "type": 3,
    "name": "BOD FTP PROD Site 110",
    "active": true,
    "updated_at": 1667197571933,
    "updated_by": "keval"
  },
  "bod_ftp_prod_site_176": {
    "config_dat": {
      "host": "172.16.1.176",
      "port": 21,
      "user": "anonymous",
      "password": "",
      "api": 1,
      "protocol": 2
    },
    "type": 3,
    "name": "BOD FTP PROD Site 176",
    "active": true,
    "updated_at": 1667197686266,
    "updated_by": "keval"
  }
}
