{
    "bod_determine_date": {
        "category": 1,
        "type": 4,
        "name": "BOD Determine Date",
        "active": true,
        "config_dat": {
            "script": "$.run_date = Date.now();\r\n\r\nlet runDate = $.run_date;\r\n\r\nif ($.from_date == null) {\r\n    let dt = new Date(runDate);\r\n    let dayNo = dt.getDay();\r\n\r\n    if (dayNo == 1) {\r\n        dt.setDate(dt.getDate() - 3);\r\n    } else if (dayNo == 0) {\r\n        dt.setDate(dt.getDate() - 2);\r\n    } else {\r\n        dt.setDate(dt.getDate() - 1);\r\n    }\r\n    $.from_date = dt;\r\n}\r\n\r\nif ($.to_date == null) {\r\n    $.to_date = $.from_date;\r\n}\r\n\r\nconsole.log('run_date ' + new Date($.run_date));\r\nconsole.log('from_date ' + new Date($.from_date));\r\nconsole.log('to_date ' + new Date($.to_date));",
            "script_params": {}
        },
        "updated_at": 1663572723509,
        "updated_by": "keval"
    },
    "close_all_relogin_rule": {
        "category": 1,
        "type": 4,
        "name": "Close All and Relogin Rule",
        "active": true,
        "config_dat": {
            "script_file": "BOD Download/close_all_relogin.js",
            "script_params": {}
        },
        "updated_at": 1661417848149,
        "updated_by": "keval"
    },
    "check_cdsl_window": {
        "category": 1,
        "type": 4,
        "name": "Check CDSL Window",
        "active": true,
        "config_dat": {
            "script_file": "BOD Download/check_cdsl_window.js",
            "script_params": {}
        },
        "updated_at": 1663144165909,
        "updated_by": "keval"
    },
    "detemine_working_date_rule": {
        "category": 1,
        "type": 4,
        "name": "Determine Working Date Rule",
        "active": true,
        "config_dat": {
            "script_file": "HDFCCommon/determine_working_date.js",
            "script_params": {}
        },
        "updated_at": 1668403760527,
        "updated_by": "keval"
    }
}