{
    "nsearchivedate": {
        "category": 5,
        "type": "actionabl_rpa",
        "name": "nseArchiveDate",
        "active": true,
        "config_dat": {
            "script_type": 4,
            "script_name": "test_custom_RPA/nseArchiveDate.js",
            "app_user": "admin",
            "app_password": "act",
            "script_params": {}
        },
        "updated_at": 1707456591144,
        "updated_by": "admin"
    },
    "holidaylist": {
        "category": 5,
        "type": "actionabl_rpa",
        "name": "holidayList",
        "active": true,
        "config_dat": {
            "script_type": 4,
            "script_name": "test_excel/holidayList1.js",
            "app_user": "admin",
            "app_password": "act",
            "script_params": {}
        },
        "updated_at": 1707909675000,
        "updated_by": "admin"
    },
    "mzfiltration": {
        "category": 5,
        "type": "actionabl_rpa",
        "name": "mzFiltration",
        "active": true,
        "config_dat": {
            "script_type": 4,
            "script_name": "test_excel/mzFiltration.js",
            "app_user": "admin",
            "app_password": "act",
            "script_params": {}
        },
        "updated_at": 1708060939760,
        "updated_by": "admin"
    },
    "nsecircular": {
        "category": 5,
        "type": "actionabl_rpa",
        "name": "nse_circular_custom",
        "active": true,
        "config_dat": {
            "script_type": 4,
            "script_name": "test_custom_RPA/Compliance_Circular_HDFC/nse_circular.js",
            "app_user": "admin",
            "app_password": "act",
            "script_params": {}
        },
        "updated_at": 1708497240528,
        "updated_by": "admin"
    },
    "nsecircularweb": {
        "category": 5,
        "type": "actionabl_rpa",
        "name": "nse_circular_web",
        "active": true,
        "config_dat": {
            "script_type": 1,
            "script_name": "test_web_RPA/Compliance_Circular_HDFC/nse_circular.js",
            "app_user": "admin",
            "app_password": "act",
            "script_params": {},
            "browser_params": {
                "browser_type": "firefox"
            }
        },
        "updated_at": 1708580653362,
        "updated_by": "admin"
    },
    "bsecircularweb": {
        "category": 5,
        "type": "actionabl_rpa",
        "name": "bse_circular_web",
        "active": true,
        "config_dat": {
            "script_type": 1,
            "script_name": "test_web_RPA/Compliance_Circular_HDFC/bse_circular.js",
            "app_user": "admin",
            "app_password": "act",
            "script_params": {},
            "browser_params": {
                "browser_type": "firefox"
            }
        },
        "updated_at": 1708671772689,
        "updated_by": "admin"
    }
}