{
    "multiemailsender3-filesender": {
        "schedule_type": "process",
        "proc_def_key": "multiemailsender3",
        "task_key": "filesender",
        "automation_id": "filesender",
        "execution_mode": 1,
        "active": true,
        "updated_at": 1707303547540,
        "updated_by": "admin",
        "disabled": true
    },
    "multiemailsender3-subjsender": {
        "schedule_type": "process",
        "proc_def_key": "multiemailsender3",
        "task_key": "subjsender",
        "automation_id": "subjsender",
        "execution_mode": 1,
        "active": true,
        "updated_at": 1707303547576,
        "updated_by": "admin",
        "disabled": true
    },
    "multiemailsender3-emailsender": {
        "schedule_type": "process",
        "proc_def_key": "multiemailsender3",
        "task_key": "emailsender",
        "automation_id": "emailsender",
        "execution_mode": 1,
        "active": true,
        "updated_at": 1707303547610,
        "updated_by": "admin",
        "disabled": true
    },
    "nsdlcirculardpweb-nsdldp": {
        "schedule_type": "process",
        "proc_def_key": "nsdlcirculardpweb",
        "task_key": "nsdldp",
        "automation_id": "nsdlcircularweb",
        "execution_mode": 1,
        "active": true,
        "updated_at": 1709025931825,
        "updated_by": "admin"
    }
}