{
    "feataccount2": {
        "config_dat": {
            "user": "furquan.ansari@featsystems.com",
            "password": "@0iam@Mumbai9@",
            "incoming_server": {
                "host": "mail.featsystems.com",
                "port": 993,
                "protocol": "imap"
            },
            "outgoing_server": {
                "host": "mail.featsystems.com",
                "port": 25
            }
        },
        "type": 1,
        "name": "Feat Account2",
        "active": true,
        "updated_at": 1707308026626,
        "updated_by": "admin"
    }
}