{
	"process": {
		"id": "efr",
		"name": "Exchange Files Receipt",
		"fields": [
			{
				"field": "efr_param_str"
			},
			{
				"field": "efr_run_rpa"
			},
			{
				"field": "test_current_datetime"
			}
		],
		"send_notification": false
	},
	"start": {
		"id": "start_event",
		"name": "Start",
		"start_form": true,
		"buss_id_prefix": "EFRB",
		"buss_id_value": 1,
		"activity_type": 0,
		"connector": "cron",
		"input": [
			{
				"field": "test_current_datetime"
			}
		]
	},
	"end": {
		"id": "end_event",
		"name": "End"
	},
	"groups": [
		{
			"id": "bse_bhavcopy",
			"name": "BSE Bhavcopy",
			"steps": [
				{
					"id": "bse_initial_status",
					"type": "task",
					"name": "BSE Initial Status Check",
					"connector": 6001,
					"activity_type": "5",
					"input": [
						{
							"field": "test_current_datetime"
						}
					],
					"output": [
						{
							"field": "efr_param_str"
						},
						{
							"field": "efr_run_rpa"
						}
					]
				},
				{
					"id": "bse_gw_run_rpa",
					"type": "gateway",
					"name": "BSE Run RPA ?",
					"flows": [
						{
							"id": "bse_flow_run_rpa",
							"type": "flow",
							"name": "Run RPA",
							"target": "bse_rpa_task",
							"condition": "$.efr_run_rpa == true"
						},
						{
							"id": "bse_flow_end",
							"type": "flow",
							"name": "Skip RPA",
							"target": "bse_send_notification",
							"condition": "$.efr_run_rpa == false"
						}
					]
				},
				{
					"id": "bse_rpa_task",
					"type": "task",
					"name": "BSE RPA Task",
					"connector": 6002,
					"activity_type": "5",
					"input": [
						{
							"field": "efr_param_str"
						}
					]
				},
				{
					"id": "bse_send_notification",
					"type": "task",
					"name": "BSE Send Notification",
					"connector": "send_notification",
					"activity_type": "5",
					"input": [
						{
							"field": "efr_param_str"
						}
					],
					"output": [
						{
							"field": "efr_param_str"
						}
					]
				}
			],
			"type": "group"
		},
		{
			"id": "nse_all_reports",
			"name": "NSE All Reports",
			"steps": [
				{
					"id": "nse_all_reports_initial_status",
					"type": "task",
					"name": "NSE All Reports Initial Status Check",
					"connector": 6051,
					"activity_type": "5",
					"input": [
						{
							"field": "test_current_datetime"
						}
					],
					"output": [
						{
							"field": "efr_param_str"
						},
						{
							"field": "efr_run_rpa"
						}
					]
				},
				{
					"id": "nse_all_reports_gw_run_rpa",
					"type": "gateway",
					"name": "NSE All Reports Run RPA ?",
					"flows": [
						{
							"id": "nse_all_reports_flow_run_rpa",
							"type": "flow",
							"name": "Run RPA",
							"target": "nse_all_reports_rpa_task",
							"condition": "$.efr_run_rpa == true"
						},
						{
							"id": "nse_all_reports_flow_end",
							"type": "flow",
							"name": "Skip RPA",
							"target": "nse_all_reports_send_notification",
							"condition": "$.efr_run_rpa == false"
						}
					]
				},
				{
					"id": "nse_all_reports_rpa_task",
					"type": "task",
					"name": "NSE All Reports RPA Task",
					"connector": 6052,
					"activity_type": "5",
					"input": [
						{
							"field": "efr_param_str"
						}
					]
				},
				{
					"id": "nse_all_reports_send_notification",
					"type": "task",
					"name": "NSE All Reports Send Notification",
					"connector": "send_notification",
					"activity_type": "5",
					"input": [
						{
							"field": "efr_param_str"
						}
					],
					"output": [
						{
							"field": "efr_param_str"
						}
					]
				}
			],
			"type": "group"
		},
		{
			"id": "mcx",
			"name": "MCX",
			"steps": [
				{
					"id": "mcx_initial_status",
					"type": "task",
					"name": "MCX Initial Status Check",
					"connector": 6061,
					"activity_type": "5",
					"input": [
						{
							"field": "test_current_datetime"
						}
					],
					"output": [
						{
							"field": "efr_param_str"
						},
						{
							"field": "efr_run_rpa"
						}
					]
				},
				{
					"id": "mcx_gw_run_rpa",
					"type": "gateway",
					"name": "MCX Run RPA ?",
					"flows": [
						{
							"id": "mcx_flow_run_rpa",
							"type": "flow",
							"name": "Run RPA",
							"target": "mcx_rpa_task",
							"condition": "$.efr_run_rpa == true"
						},
						{
							"id": "mcx_flow_end",
							"type": "flow",
							"name": "Skip RPA",
							"target": "mcx_send_notification",
							"condition": "$.efr_run_rpa == false"
						}
					]
				},
				{
					"id": "mcx_rpa_task",
					"type": "task",
					"name": "MCX RPA Task",
					"connector": 6062,
					"activity_type": "5",
					"input": [
						{
							"field": "efr_param_str"
						}
					]
				},
				{
					"id": "mcx_send_notification",
					"type": "task",
					"name": "MCX Send Notification",
					"connector": "send_notification",
					"activity_type": "5",
					"input": [
						{
							"field": "efr_param_str"
						}
					],
					"output": [
						{
							"field": "efr_param_str"
						}
					]
				}
			],
			"type": "group"
		},
		{
			"id": "nse_login_1",
			"name": "NSE Login Cash",
			"steps": [
				{
					"id": "nse_login1_initial_status",
					"type": "task",
					"name": "NSE Login1 Initial Status Check",
					"connector": 6021,
					"activity_type": "5",
					"input": [
						{
							"field": "test_current_datetime"
						}
					],
					"output": [
						{
							"field": "efr_param_str"
						},
						{
							"field": "efr_run_rpa"
						}
					]
				},
				{
					"id": "nse_login1_reports_gw_run_rpa",
					"type": "gateway",
					"name": "NSE Login1 Run RPA ?",
					"flows": [
						{
							"id": "nse_login1_flow_run_rpa",
							"type": "flow",
							"name": "Run RPA",
							"target": "nse_login1_rpa_task",
							"condition": "$.efr_run_rpa == true"
						},
						{
							"id": "nse_login1_reports_flow_end",
							"type": "flow",
							"name": "Skip RPA",
							"target": "nse_login1_send_notification",
							"condition": "$.efr_run_rpa == false"
						}
					]
				},
				{
					"id": "nse_login1_rpa_task",
					"type": "task",
					"name": "NSE Login1 RPA Task",
					"connector": 6022,
					"activity_type": "5",
					"input": [
						{
							"field": "efr_param_str"
						}
					]
				},
				{
					"id": "nse_login1_send_notification",
					"type": "task",
					"name": "NSE Login1 Send Notification",
					"connector": "send_notification",
					"activity_type": "5",
					"input": [
						{
							"field": "efr_param_str"
						}
					],
					"output": [
						{
							"field": "efr_param_str"
						}
					]
				}
			],
			"type": "group"
		},
		{
			"id": "nse_login2",
			"name": "NSE Login FNO",
			"steps": [
				{
					"id": "nse_login2_initial_status",
					"type": "task",
					"name": "NSE Login2 Initial Status Check",
					"connector": 6031,
					"activity_type": "5",
					"input": [
						{
							"field": "test_current_datetime"
						}
					],
					"output": [
						{
							"field": "efr_param_str"
						},
						{
							"field": "efr_run_rpa"
						}
					]
				},
				{
					"id": "nse_login2_reports_gw_run_rpa",
					"type": "gateway",
					"name": "NSE Login2 Run RPA ?",
					"flows": [
						{
							"id": "nse_login2_flow_run_rpa",
							"type": "flow",
							"name": "Run RPA",
							"target": "nse_login2_rpa_task",
							"condition": "$.efr_run_rpa == true"
						},
						{
							"id": "nse_login2_reports_flow_end",
							"type": "flow",
							"name": "Skip RPA",
							"target": "nse_login2_send_notification",
							"condition": "$.efr_run_rpa == false"
						}
					]
				},
				{
					"id": "nse_login2_rpa_task",
					"type": "task",
					"name": "NSE Login2 RPA Task",
					"connector": 6032,
					"activity_type": "5",
					"input": [
						{
							"field": "efr_param_str"
						}
					]
				},
				{
					"id": "nse_login2_send_notification",
					"type": "task",
					"name": "NSE Login2 Send Notification",
					"connector": "send_notification",
					"activity_type": "5",
					"input": [
						{
							"field": "efr_param_str"
						}
					],
					"output": [
						{
							"field": "efr_param_str"
						}
					]
				}
			],
			"type": "group"
		},
		{
			"id": "nse_login3",
			"name": "NSE Login Currency",
			"steps": [
				{
					"id": "nse_login3_initial_status",
					"type": "task",
					"name": "NSE Login3 Initial Status Check",
					"connector": 6041,
					"activity_type": "5",
					"input": [
						{
							"field": "test_current_datetime"
						}
					],
					"output": [
						{
							"field": "efr_param_str"
						},
						{
							"field": "efr_run_rpa"
						}
					]
				},
				{
					"id": "nse_login3_reports_gw_run_rpa",
					"type": "gateway",
					"name": "NSE Login3 Run RPA ?",
					"flows": [
						{
							"id": "nse_login3_flow_run_rpa",
							"type": "flow",
							"name": "Run RPA",
							"target": "nse_login3_rpa_task",
							"condition": "$.efr_run_rpa == true"
						},
						{
							"id": "nse_login3_reports_flow_end",
							"type": "flow",
							"name": "Skip RPA",
							"target": "nse_login3_send_notification",
							"condition": "$.efr_run_rpa == false"
						}
					]
				},
				{
					"id": "nse_login3_rpa_task",
					"type": "task",
					"name": "NSE Login3 RPA Task",
					"connector": 6042,
					"activity_type": "5",
					"input": [
						{
							"field": "efr_param_str"
						}
					]
				},
				{
					"id": "nse_login3_send_notification",
					"type": "task",
					"name": "NSE Login3 Send Notification",
					"connector": "send_notification",
					"activity_type": "5",
					"input": [
						{
							"field": "efr_param_str"
						}
					],
					"output": [
						{
							"field": "efr_param_str"
						}
					]
				}
			],
			"type": "group"
		},
		{
			"id": "bse_member",
			"name": "BSE Member",
			"steps": [
				{
					"id": "bse_member_initial_status",
					"type": "task",
					"name": "BSE Member Initial Status Check",
					"connector": 6011,
					"activity_type": "5",
					"input": [
						{
							"field": "test_current_datetime"
						}
					],
					"output": [
						{
							"field": "efr_param_str"
						},
						{
							"field": "efr_run_rpa"
						}
					]
				},
				{
					"id": "bse_member_gw_run_rpa",
					"type": "gateway",
					"name": "BSE Member Run RPA ?",
					"flows": [
						{
							"id": "bse_member_flow_run_rpa",
							"type": "flow",
							"name": "Run RPA",
							"target": "bse_member_rpa_task",
							"condition": "$.efr_run_rpa == true"
						},
						{
							"id": "bse_member_flow_end",
							"type": "flow",
							"name": "Skip RPA",
							"target": "bse_member_send_notification",
							"condition": "$.efr_run_rpa == false"
						}
					]
				},
				{
					"id": "bse_member_rpa_task",
					"type": "task",
					"name": "BSE Member RPA Task",
					"connector": 6012,
					"activity_type": "5",
					"input": [
						{
							"field": "efr_param_str"
						}
					]
				},
				{
					"id": "bse_member_send_notification",
					"type": "task",
					"name": "BSE Member Send Notification",
					"connector": "send_notification",
					"activity_type": "5",
					"input": [
						{
							"field": "efr_param_str"
						}
					],
					"output": [
						{
							"field": "efr_param_str"
						}
					]
				}
			],
			"type": "group"
		}
	]
}