{
	"process": {
		"id": "btbh_ipo_upload_process",
		"name": "BTBH IPO Upload Process",
		"fields": [
			{
				"field": "ipo_run_date_time"
			},
			{
				"field": "retry"
			},
			{
				"field": "bank_hold_release_file_upload_complete"
			},
			{
				"field": "close_tcs_bancs_complete"
			},
			{
				"field": "hold_recon_complete"
			},
			{
				"field": "skip_bank_hold_release_file_upload"
			},
			{
				"field": "skip_hold_recon"
			},
			{
				"field": "skip_close_tcs_bancs"
			},
			{
				"field": "skip_tcs_bancs_login"
			},
			{
				"field": "tcs_bancs_login_complete"
			},
			{
				"field": "end_date"
			},
			{
				"field": "start_date"
			},
			{
				"field": "main_folder",
				"default_value": "D:/IPO MAIN"
			},
			{
				"field": "download_complete"
			},
			{
				"field": "btbh_files"
			},
			{
				"field": "folder_counter"
			},
			{
				"field": "btbh_ipo_folder_name"
			}
		],
		"send_notification": true,
		"notification_properties": {
			"recipient_email": null,
			"connector": "send_exception_email",
			"data_fields": []
		},
		"error_task_assignment_strategy": "WG",
		"error_task_assignee": "101"
	},
	"start": {
		"id": "cron_start",
		"name": "Start",
		"start_form": true,
		"buss_id_prefix": "IPO",
		"buss_id_value": 1,
		"activity_type": 0,
		"connector": "cron",
		"input": [
			{
				"field": "ipo_run_date_time"
			},
			{
				"field": "start_date"
			},
			{
				"field": "end_date"
			}
		]
	},
	"end": {
		"id": "end_event",
		"name": "End"
	},
	"groups": [
		{
			"id": "download_ipo_files",
			"name": "Download IPO Files",
			"steps": [
				{
					"id": "send_bot_start_email_task",
					"type": "task",
					"name": "Send Bot Start Email Task",
					"connector": "send_bot_start_email",
					"activity_type": 7
				},
				{
					"id": "define_ipo_folder_name",
					"type": "task",
					"name": "Define IPO Folder Name",
					"connector": "define_ipo_folder_name_connector",
					"activity_type": "5",
					"output": [
						{
							"field": "btbh_ipo_folder_name"
						}
					]
				},
				{
					"id": "download_task",
					"type": "task",
					"name": "Download  Task",
					"connector": "download_ipo_files",
					"activity_type": "5",
					"input": [
						{
							"field": "ipo_run_date_time"
						},
						{
							"field": "end_date"
						},
						{
							"field": "start_date"
						},
						{
							"field": "main_folder"
						},
						{
							"field": "btbh_files"
						},
						{
							"field": "folder_counter"
						},
						{
							"field": "btbh_ipo_folder_name"
						}
					],
					"output": [
						{
							"field": "ipo_run_date_time"
						},
						{
							"field": "end_date"
						},
						{
							"field": "start_date"
						},
						{
							"field": "main_folder"
						},
						{
							"field": "download_complete"
						},
						{
							"field": "btbh_files"
						},
						{
							"field": "folder_counter"
						},
						{
							"field": "btbh_ipo_folder_name"
						}
					],
					"pre_activity_rule": []
				},
				{
					"id": "send_download-status_mail",
					"type": "task",
					"name": "Send Download Status Mail",
					"connector": "send_download_status_mail",
					"activity_type": 7,
					"input": [
						{
							"field": "download_complete"
						},
						{
							"field": "btbh_files"
						},
						{
							"field": "folder_counter"
						},
						{
							"field": "btbh_ipo_folder_name"
						}
					],
					"output": [
						{
							"field": "download_complete"
						},
						{
							"field": "btbh_files"
						},
						{
							"field": "folder_counter"
						},
						{
							"field": "btbh_ipo_folder_name"
						}
					]
				},
				{
					"id": "gw_download",
					"type": "gateway",
					"name": "Download Successful?",
					"flows": [
						{
							"id": "fl_download_successful",
							"type": "flow",
							"name": "Yes",
							"target": "tcs_bancs_login",
							"condition": "$.download_complete == true"
						},
						{
							"id": "fl_download_unsuccessful",
							"type": "flow",
							"name": "No",
							"target": "user_manual_download",
							"condition": "$.download_complete == false"
						}
					]
				},
				{
					"id": "user_manual_download",
					"type": "task",
					"name": "Manual Download",
					"activity_type": "1",
					"assignment_strategy": "WG",
					"assignee": "53",
					"output": [
						{
							"field": "ipo_run_date_time"
						},
						{
							"field": "retry"
						},
						{
							"field": "end_date"
						},
						{
							"field": "start_date"
						},
						{
							"field": "main_folder"
						},
						{
							"field": "download_complete"
						},
						{
							"field": "btbh_files"
						},
						{
							"field": "folder_counter"
						},
						{
							"field": "btbh_ipo_folder_name"
						}
					],
					"input": [
						{
							"field": "download_complete"
						},
						{
							"field": "btbh_files"
						},
						{
							"field": "folder_counter"
						},
						{
							"field": "btbh_ipo_folder_name"
						}
					]
				},
				{
					"id": "gw_download_retry",
					"type": "gateway",
					"name": "Retry?",
					"flows": [
						{
							"id": "fl_download_retry_yes",
							"type": "flow",
							"name": "Yes",
							"target": "download_task",
							"condition": "$.retry === true"
						},
						{
							"id": "fl_download_retry_no",
							"type": "flow",
							"name": "No",
							"target": "tcs_bancs_login",
							"condition": "$.retry === false"
						}
					]
				}
			],
			"type": "group"
		},
		{
			"id": "upload_ipo_files",
			"name": "Upload IPO Files",
			"steps": [
				{
					"id": "tcs_bancs_login",
					"type": "task",
					"name": "TCS BANCS Login",
					"connector": "tcs_bancs_login_connector",
					"activity_type": "5",
					"input": [
						{
							"field": "skip_tcs_bancs_login"
						},
						{
							"field": "btbh_files"
						},
						{
							"field": "download_complete"
						}
					],
					"output": [
						{
							"field": "tcs_bancs_login_complete"
						},
						{
							"field": "btbh_files"
						},
						{
							"field": "download_complete"
						}
					]
				},
				{
					"id": "bank_hold_release_file_upload",
					"type": "task",
					"name": "Bank Hold/Release FIle Upload",
					"connector": "bank_hold_release_file_upload_connector",
					"activity_type": "5",
					"input": [
						{
							"field": "ipo_run_date_time"
						},
						{
							"field": "skip_bank_hold_release_file_upload"
						},
						{
							"field": "tcs_bancs_login_complete"
						},
						{
							"field": "end_date"
						},
						{
							"field": "start_date"
						},
						{
							"field": "main_folder"
						},
						{
							"field": "btbh_files"
						}
					],
					"output": [
						{
							"field": "bank_hold_release_file_upload_complete"
						}
					]
				},
				{
					"id": "hold_reconciliation",
					"type": "task",
					"name": "Hold Reconciliation",
					"connector": "hold_recon_connector",
					"activity_type": "5",
					"input": [
						{
							"field": "bank_hold_release_file_upload_complete"
						},
						{
							"field": "skip_hold_recon"
						},
						{
							"field": "end_date"
						},
						{
							"field": "start_date"
						},
						{
							"field": "main_folder"
						}
					],
					"output": [
						{
							"field": "hold_recon_complete"
						}
					]
				},
				{
					"id": "close_tcs_bancs",
					"type": "task",
					"name": "Close TCS BANCS",
					"connector": "close_tcs_bancs_connector",
					"activity_type": "5",
					"input": [
						{
							"field": "hold_recon_complete"
						},
						{
							"field": "skip_close_tcs_bancs"
						}
					],
					"output": [
						{
							"field": "close_tcs_bancs_complete"
						}
					]
				},
				{
					"id": "send_bot_end_email_task",
					"type": "task",
					"name": "Send Bot End Email Task",
					"connector": "send_bot_end_email",
					"activity_type": 7
				}
			],
			"type": "group"
		}
	]
}