{
	"process": {
		"id": "cml_email_request",
		"name": "CML EMail Request",
		"fields": [
			{
				"field": "message_uid"
			},
			{
				"field": "received_date"
			},
			{
				"field": "subject"
			},
			{
				"field": "sender"
			},
			{
				"field": "email_message"
			},
			{
				"field": "trading_no"
			},
			{
				"field": "is_trading",
				"default_value": "false"
			},
			{
				"field": "dp_no"
			},
			{
				"field": "is_dp",
				"default_value": "false"
			},
			{
				"field": "incorrect_dp_no",
				"default_value": "false"
			},
			{
				"field": "client_filter",
				"default_value": "client id"
			},
			{
				"field": "dp_filter",
				"default_value": "dp no,dp number,demat acc no,bo id,dp account no,dp id,dp a/c number,dp ac no,dp account number,demat a/c no,dp account,dp a/c no,client id"
			},
			{
				"field": "trading_filter",
				"default_value": "trading no,trading number,trading id,trading code,trading a/c no,trading ac no,trading acc no,ucc,trading ac"
			},
			{
				"field": "subject_filter",
				"default_value": "cml,client master list,cmr,client master"
			},
			{
				"field": "email_msg_filter",
				"default_value": "client id,dp no,dp number,dp account no,dp id,dp a/c number,dp ac no,dp account number,demat acc no,bo id,trading no,trading number,trading id,trading code,trading a/c no,trading ac no,trading acc no,ucc,demat a/c no,dp account"
			},
			{
				"field": "stop_cml_bot"
			}
		],
		"send_notification": true,
		"notification_properties": {
			"recipient_email": null,
			"connector": "cml_exception_mail_connector",
			"data_fields": []
		},
		"error_task_assignment_strategy": "WG",
		"error_task_assignee": "101"
	},
	"start": {
		"id": "start_event",
		"name": "Start",
		"start_form": true,
		"buss_id_prefix": "CML",
		"buss_id_value": "$.message_uid",
		"activity_type": 0,
		"process_title": "$.subject",
		"input": [
			{
				"field": "message_uid",
				"required": true
			},
			{
				"field": "received_date",
				"required": true
			},
			{
				"field": "subject",
				"required": true
			},
			{
				"field": "sender",
				"required": true
			},
			{
				"field": "email_message",
				"required": true
			},
			{
				"field": "client_filter"
			},
			{
				"field": "dp_filter"
			},
			{
				"field": "trading_filter"
			}
		],
		"connector": "cml_read_email"
	},
	"end": {
		"id": "end_event",
		"name": "End"
	},
	"groups": [
		{
			"id": "process_mail",
			"name": "Process Mail",
			"steps": [
				{
					"id": "cml_filter_email_task",
					"type": "task",
					"name": "CML Filter Email Task",
					"connector": "cml_filter_email_connector",
					"activity_type": "5",
					"input": [
						{
							"field": "message_uid"
						},
						{
							"field": "received_date"
						},
						{
							"field": "subject"
						},
						{
							"field": "sender"
						},
						{
							"field": "email_message"
						},
						{
							"field": "client_filter"
						},
						{
							"field": "dp_filter"
						},
						{
							"field": "trading_filter"
						},
						{
							"field": "subject_filter"
						},
						{
							"field": "email_msg_filter"
						}
					]
				},
				{
					"id": "extract_id",
					"type": "task",
					"name": "Extract ID",
					"connector": "extract_id_connector",
					"activity_type": "5",
					"input": [
						{
							"field": "message_uid"
						},
						{
							"field": "received_date"
						},
						{
							"field": "subject"
						},
						{
							"field": "sender"
						},
						{
							"field": "email_message"
						},
						{
							"field": "client_filter"
						},
						{
							"field": "dp_filter"
						},
						{
							"field": "trading_filter"
						}
					],
					"output": [
						{
							"field": "trading_no"
						},
						{
							"field": "dp_no"
						},
						{
							"field": "is_dp"
						},
						{
							"field": "is_trading"
						}
					],
					"assignment_strategy": "WG",
					"assignee": "101"
				},
				{
					"id": "trading_or_dp",
					"type": "gateway",
					"name": "Trading or DP",
					"flows": [
						{
							"id": "fl_trading",
							"type": "flow",
							"name": "Trading Flow",
							"target": "dp_secure_client",
							"condition": "$.is_trading == true"
						},
						{
							"id": "fl_dp",
							"type": "flow",
							"name": "DP Flow",
							"target": "dp_secure_server",
							"condition": "$.is_dp == true"
						}
					]
				}
			],
			"type": "group"
		},
		{
			"id": "web_rpa",
			"name": "Web RPA",
			"steps": [
				{
					"id": "dp_secure_client",
					"type": "task",
					"name": "DP Secure Client",
					"connector": "dp_secure_client_connector",
					"activity_type": "5",
					"input": [
						{
							"field": "trading_no"
						},
						{
							"field": "is_trading"
						}
					],
					"next": "is_correct_dp_no",
					"output": [
						{
							"field": "incorrect_dp_no"
						},
						{
							"field": "dp_no"
						}
					]
				},
				{
					"id": "is_correct_dp_no",
					"type": "gateway",
					"name": "Is Correct DP Number",
					"flows": [
						{
							"id": "correct_dp_no",
							"type": "flow",
							"name": "Yes",
							"target": "dp_secure_server",
							"condition": "$.incorrect_dp_no == false"
						},
						{
							"id": "incorrect_dp_no",
							"type": "flow",
							"name": "No",
							"target": "incorrect_dp_notification",
							"condition": "$.incorrect_dp_no == true"
						}
					]
				},
				{
					"id": "dp_secure_server",
					"type": "task",
					"name": "DP Secure Server",
					"connector": "dp_secure_server_connector",
					"activity_type": "5",
					"input": [
						{
							"field": "dp_no"
						}
					],
					"next": "successful_cml_mail",
					"post_activity_rule": [
						{
							"id": "cml_stop_bot_check"
						}
					],
					"output": [
						{
							"field": "stop_cml_bot"
						},
						{
							"field": "dp_no"
						}
					]
				}
			],
			"type": "group"
		},
		{
			"id": "send_notification",
			"name": "Send Notification",
			"steps": [
				{
					"id": "incorrect_dp_notification",
					"type": "task",
					"name": "Incorrect DP/Trading Mail",
					"connector": "incorrect_dp_mail",
					"activity_type": 7,
					"input": [
						{
							"field": "message_uid"
						},
						{
							"field": "received_date"
						},
						{
							"field": "subject"
						},
						{
							"field": "sender"
						}
					],
					"next": "end_event"
				},
				{
					"id": "successful_cml_mail",
					"type": "task",
					"name": "Successful CML Email",
					"connector": "successful_cml",
					"activity_type": 7,
					"next": "end_event",
					"input": [
						{
							"field": "message_uid"
						},
						{
							"field": "received_date"
						},
						{
							"field": "subject"
						},
						{
							"field": "sender"
						}
					]
				}
			],
			"type": "group"
		}
	]
}