{
	"process": {
		"id": "compliance_linear_email_sender",
		"name": "compliance_linear_email_sender",
		"fields": [
			{
				"field": "file"
			},
			{
				"field": "decision"
			},
			{
				"field": "attachment"
			}
		]
	},
	"start": {
		"id": "start_event",
		"name": "Start",
		"start_form": true,
		"buss_id_prefix": "Linear",
		"buss_id_value": 1,
		"activity_type": 0,
		"default_start_event": true
	},
	"end": {
		"id": "end_event",
		"name": "End"
	},
	"groups": [
		{
			"id": "grp_1",
			"name": "Group 1",
			"steps": [
				{
					"id": "readcompliancefile",
					"type": "task",
					"name": "readcompliancefile",
					"activity_type": "5",
					"connector": "readcompliancefile",
					"next": "gateway_1",
					"activity_rule": [],
					"output": [
						{
							"field": "file"
						},
						{
							"field": "decision"
						},
						{
							"field": "attachment"
						}
					]
				},
				{
					"id": "gateway_1",
					"type": "gateway",
					"name": "Gateway 1",
					"flows": [
						{
							"id": "flow_1",
							"type": "flow",
							"name": "Flow 1",
							"target": "sendsuccessemail",
							"condition": "$.decision == true"
						},
						{
							"id": "flow_2",
							"type": "flow",
							"name": "Flow 2",
							"target": "sendunsuccessemail",
							"condition": "$.decision == false"
						}
					]
				},
				{
					"id": "sendsuccessemail",
					"type": "task",
					"name": "sendsuccessemail",
					"activity_type": 7,
					"connector": "complianceemailsender1",
					"next": "successnotification",
					"input": [
						{
							"field": "file"
						},
						{
							"field": "decision"
						},
						{
							"field": "attachment"
						}
					]
				},
				{
					"id": "successnotification",
					"type": "task",
					"name": "successnotification",
					"activity_type": 7,
					"connector": "complianceemailsender2",
					"next": "end_event"
				},
				{
					"id": "sendunsuccessemail",
					"type": "task",
					"name": "sendunsuccessemail",
					"activity_type": 7,
					"connector": "complianceemailsender3",
					"next": "end_event"
				}
			],
			"type": "group"
		}
	]
}