{
	"process": {
		"id": "exchange_files_receipt_mcx",
		"name": "Exchange Files Receipt MCX",
		"fields": [
			{
				"field": "efr_run_rpa"
			},
			{
				"field": "efr_param_str"
			},
			{
				"field": "test_current_datetime"
			},
			{
				"field": "efr_files"
			}
		]
	},
	"start": {
		"id": "start_event",
		"name": "Start",
		"start_form": true,
		"buss_id_prefix": "EFRB",
		"buss_id_value": 1,
		"activity_type": 0,
		"input": [
			{
				"field": "test_current_datetime"
			}
		],
		"connector": "cron"
	},
	"end": {
		"id": "end_event",
		"name": "End"
	},
	"groups": [
		{
			"id": "grp_1",
			"name": "RPA",
			"steps": [
				{
					"id": "initial_status",
					"type": "task",
					"name": "Initial Status Check",
					"connector": "6061",
					"executionId": 1437,
					"activity_type": "5",
					"output": [
						{
							"field": "efr_run_rpa"
						},
						{
							"field": "efr_param_str"
						}
					],
					"input": [
						{
							"field": "test_current_datetime"
						}
					]
				},
				{
					"id": "gw_run_rpa",
					"type": "gateway",
					"name": "Run RPA ?",
					"executionId": 1438,
					"flows": [
						{
							"id": "flow_run_rpa",
							"type": "flow",
							"name": "Run RPA",
							"target": "rpa_task",
							"condition": "$.efr_run_rpa == true"
						},
						{
							"id": "flow_end",
							"type": "flow",
							"name": "Skip RPA",
							"target": "send_notification",
							"condition": "$.efr_run_rpa == false"
						}
					]
				},
				{
					"id": "rpa_task",
					"type": "task",
					"name": "RPA Task",
					"executionId": 1439,
					"activity_type": "5",
					"connector": "6062",
					"input": [
						{
							"field": "efr_param_str"
						}
					],
					"output": []
				},
				{
					"id": "send_notification",
					"type": "task",
					"name": "Send Notification",
					"connector": "send_notification",
					"executionId": 1440,
					"activity_type": 5,
					"input": [
						{
							"field": "efr_param_str"
						}
					],
					"output": [
						{
							"field": "efr_param_str"
						}
					]
				}
			],
			"executionId": 1436,
			"type": "group"
		}
	]
}