{
	"process": {
		"id": "readfilelinear",
		"name": "Read File Linear"
	},
	"start": {
		"id": "start_event",
		"name": "Start",
		"start_form": true,
		"buss_id_prefix": "Linear",
		"buss_id_value": 1,
		"activity_type": 0,
		"default_start_event": false
	},
	"end": {
		"id": "end_event",
		"name": "End"
	},
	"groups": [
		{
			"id": "grp_1",
			"name": "Group 1",
			"steps": [
				{
					"id": "task_1",
					"type": "task",
					"name": "Read File",
					"connector": "readfilelinearcon",
					"activity_type": "5",
					"next": "end_event"
				}
			],
			"type": "group"
		}
	]
}