{
    "process_excel": {
        "category": 5,
        "type": "actionabl_rpa",
        "name": "Volume SMS Process Excel",
        "active": true,
        "icon": "Excel.svg",
        "icon_type": 1,
        "config_dat": {
            "script_type": 4,
            "script_name": "custom/Volume SMS Process/process_excel.js",
            "script_params": {
                "file_path": {
                    "type": 1,
                    "value": "C:\\Users\\hslh0862\\Desktop\\DataNew.xls"
                }
            }
        },
        "updated_at": 1642762640851,
        "updated_by": "admin"
    },
    "send_sms": {
        "category": 5,
        "type": "actionabl_rpa",
        "name": "Volume SMS Send SMS",
        "active": true,
        "config_dat": {
            "script_type": 4,
            "script_name": "custom/Volume SMS Process/send_sms.js",
            "script_params": {
                "api_path": {
                    "type": 1,
                    "value": "http://172.16.1.238:8080/ConnectOneUrl/SendXml/SendSmsXml"
                },
                "username": {
                    "type": 1,
                    "value": "TRANSMS"
                },
                "password": {
                    "type": 1,
                    "value": "transms123"
                }
            }
        },
        "updated_at": 1642679523495,
        "updated_by": "keval"
    }
}