{
  "volume_sms_process-process_excel": {
    "automation_id": "process_excel",
    "proc_def_key": "volume_sms_process",
    "task_key": "process_excel",
    "execution_mode": 1,
    "active": true,
    "updated_at": 1642500680724,
    "updated_by": "keval"
  },
  "volume_sms_process-send_sms": {
    "automation_id": "send_sms",
    "proc_def_key": "volume_sms_process",
    "task_key": "send_sms",
    "execution_mode": 1,
    "active": true,
    "updated_at": 1642500759076,
    "updated_by": "keval"
  },
  "volume_sms_process-cron_start": {
    "automation_id": "cron",
    "proc_def_key": "volume_sms_process",
    "task_key": "cron_start",
    "execution_mode": 2,
    "active": true,
    "cron_schedule": "vs_cron",
        "updated_at": 1662001001801,
    "updated_by": "admin",
        "disabled": false
  }
}
