{
    "process_excel_complete": {
        "name": "Process Excel Complete",
        "type": 4,
        "active": true,
        "config_dat": {},
        "updated_at": 1642489304328,
        "updated_by": "keval"
    },
    "send_sms_complete": {
        "name": "Send SMS Complete",
        "type": 4,
        "active": true,
        "config_dat": {},
        "updated_at": 1642489331438,
        "updated_by": "keval"
    },
    "volume_sms_message": {
        "name": "Volume SMS Message",
        "type": 1,
        "active": true,
        "config_dat": {},
        "updated_at": 1642489378048,
        "updated_by": "keval"
    },
    "volume_sms_mobile_numbers": {
        "name": "Volume SMS Mobile Numbers",
        "type": 1,
        "is_list": true,
        "active": true,
        "config_dat": {},
        "updated_at": 1642489469430,
        "updated_by": "keval"
    },
    "skip_process_excel": {
        "name": "Skip Process Excel",
        "type": 4,
        "active": true,
        "config_dat": {},
        "updated_at": 1642500109280,
        "updated_by": "keval"
    },
    "skip_send_sms": {
        "name": "Skip Send SMS",
        "type": 4,
        "active": true,
        "config_dat": {},
        "updated_at": 1642500148491,
        "updated_by": "keval"
    },
    "volume_sms_excel_time": {
        "name": "Volume SMS Excel Refresh Time",
        "type": 1,
        "rule_id": "volume_sms_excel_time_rule",
        "active": true,
        "config_dat": {},
        "updated_at": 1642924494306,
        "updated_by": "keval"
    }
}