{
    "process_excel_complete_rule": {
        "category": 1,
        "type": 3,
        "name": "Process Excel Complete Rule",
        "active": true,
        "config_dat": [
            {
                "condition": "$.process_excel_complete !== true",
                "action": "throw \"Could not complete Process Excel\""
            }
        ],
        "updated_at": 1642502536164,
        "updated_by": "keval"
    },
    "send_sms_rule": {
        "category": 1,
        "type": 3,
        "name": "Send SMS Rule",
        "active": true,
        "config_dat": [
            {
                "condition": "$.send_sms_complete !== true",
                "action": "throw \"Could not complete Send SMS\""
            }
        ],
        "updated_at": 1642502607368,
        "updated_by": "keval"
    },
    "volume_sms_excel_time_rule": {
        "category": 1,
        "type": 4,
        "name": "Volume SMS Excel Refresh Time Rule",
        "active": true,
        "config_dat": {
            "script": "const format = modules.require('date-fns/format');\r\n let currDate = new Date();\r\n        let hour = format(currDate, 'hh');\r\n        let min = format(currDate, 'mm');\r\n        let finalTime = '00:00';\r\n\r\n        if (min > 00 && min <= 15) {\r\n            min = '00';\r\n        }\r\n        else if (min > 15 && min <= 30) {\r\n            min = '30';\r\n        }\r\n        else if (min > 30 && min <= 45) {\r\n            min = '30';\r\n        }\r\n        else if (min > 45 && min <= 59) {\r\n            hour = ((hour + 1).toString()).padStart(2, '0');\r\n            min = '00';\r\n        }\r\n\r\n        finalTime = `'${hour}:${min}`;\r\n        $.volume_sms_excel_time=finalTime;\r\n        return { rc: 0, data: finalTime };"
        },
        "updated_at": 1642924488577,
        "updated_by": "keval"
    }
}