{
    "rpaexcelinputforms-activity1": {
        "schedule_type": "process",
        "proc_def_key": "rpaexcelinputforms",
        "task_key": "activity1",
        "automation_id": "rpa_excel",
        "execution_mode": 1,
        "active": true,
        "updated_at": 1705044367548,
        "updated_by": "admin"
    },
    "rpaexcelinputforms-activity2": {
        "schedule_type": "process",
        "proc_def_key": "rpaexcelinputforms",
        "task_key": "activity2",
        "automation_id": "rpa_web_input_forms",
        "execution_mode": 1,
        "active": true,
        "updated_at": 1705044367693,
        "updated_by": "admin"
    }
}