{
    "rpa_excel": {
        "category": 5,
        "type": "actionabl_rpa",
        "name": "rpaExcel",
        "active": true,
        "config_dat": {
            "script_type": 4,
            "script_name": "test_web_RPA/rpaChallengeInputForms/rpa_excel_read.js",
            "app_user": "admin",
            "app_password": "act",
            "script_params": {}
        },
        "updated_at": 1705041195383,
        "updated_by": "admin"
    },
    "rpa_web_input_forms": {
        "category": 5,
        "type": "actionabl_rpa",
        "name": "rpaWebInputForms",
        "active": true,
        "config_dat": {
            "script_type": 1,
            "script_name": "test_web_RPA/rpaChallengeInputForms/rpa_input_forms.js",
            "script_params": {},
            "browser_params": {
                "browser_type": "chromium",
                "store_state": true
            }
        },
        "updated_at": 1705041754680,
        "updated_by": "admin"
    }
}