{
    "compliance_cdsl_dp": {
        "category": 5,
        "type": "actionabl_rpa",
        "name": "compliance_cdsl_dp",
        "active": true,
        "config_dat": {
            "script_type": 1,
            "script_name": "test_web_RPA/Compliance_Circular_HDFC/cdsl_circular_dp.js",
            "app_user": "admin",
            "app_password": "act",
            "script_params": {},
            "browser_params": {
                "browser_type": "firefox"
            }
        },
        "updated_at": 1709184320678,
        "updated_by": "admin"
    },
    "compliance_cdsl_dp_custom": {
        "category": 5,
        "type": "actionabl_rpa",
        "name": "compliance_cdsl_dp_custom",
        "active": true,
        "config_dat": {
            "script_type": 4,
            "script_name": "test_custom_RPA/Compliance_Circular_HDFC/cdsl/cdsl_circular_dp_1.js",
            "app_user": "admin",
            "app_password": "act",
            "script_params": {}
        },
        "updated_at": 1711085389605,
        "updated_by": "admin"
    }
}