{
    "compliance_nsdl_rta": {
        "category": 5,
        "type": "actionabl_rpa",
        "name": "compliance_nsdl_rta",
        "active": true,
        "config_dat": {
            "script_type": 1,
            "script_name": "test_web_RPA/Compliance_Circular_HDFC/nsdl_circular_rta.js",
            "app_user": "admin",
            "app_password": "act",
            "script_params": {},
            "browser_params": {
                "browser_type": "firefox"
            }
        },
        "updated_at": 1709123368252,
        "updated_by": "admin"
    },
    "compliance_nsdl_rta_custom": {
        "category": 5,
        "type": "actionabl_rpa",
        "name": "compliance_nsdl_rta_custom",
        "active": true,
        "config_dat": {
            "script_type": 4,
            "script_name": "test_custom_RPA/Compliance_Circular_HDFC/nsdl/nsdl_circular_rta_1.js",
            "app_user": "admin",
            "app_password": "act",
            "script_params": {}
        },
        "updated_at": 1711082942176,
        "updated_by": "admin"
    }
}