{
    "1501": {
        "category": 5,
        "type": "actionabl_rpa",
        "name": "Margin Pledge Copy Files",
        "config_dat": {
            "script_type": 4,
            "script_name": "custom/Margin Pledge and Email Process/copy_files.js",
            "script_params": {}
        },
        "active": true,
        "updated_at": 1644388384209,
        "updated_by": "admin",
        "retry_count": 2
    },
    "1502": {
        "category": 5,
        "type": "actionabl_rpa",
        "name": "Margin Pledge Encryption",
        "config_dat": {
            "script_type": 4,
            "script_name": "custom/Margin Pledge and Email Process/encrypt_files.js",
            "app_path": "\\\\10.5.100.62\\regular updates\\KCSApps\\Lib\\DIGISIGN\\EncryptHRRTFile.exe",
            "script_params": {}
        },
        "active": true,
        "updated_at": 1643110002422,
        "updated_by": "admin",
        "retry_count": 2
    },
    "1503": {
        "category": 7,
        "type": "ftp",
        "name": "Margin Pledge Ftp",
        "icon": "Ftp.svg",
        "icon_type": 1,
        "config_dat": {
            "ftp_site": 191,
            "ftp_commands": [
                {
                    "command_type": 6,
                    "ftp_folder": "/HRT Files/HSL_HRP",
                    "local_folder": "\\\\10.5.100.62\\regular updates\\KCSApps\\Lib\\DIGISIGN\\Encrypt",
                    "file_list": [
                        {
                            "name": "NPHS{{data_format:yyMMdd}}.*",
                            "required": false
                        },
                        {
                            "name": "CPHS{{data_format:yyMMdd}}.*",
                            "required": false
                        },
                        {
                            "name": "Annexure_{{data_format:yyyyMMdd}}.csv",
                            "required": true
                        }
                    ],
                    "command_params": "-nopreservetime -nopermissions"
                }
            ],
            "num_try": 2,
            "error_on_incomplete": true,
            "try_interval": 60000
        },
        "active": true,
        "updated_at": 1648813011229,
        "updated_by": "admin",
        "retry_count": 2
    },
    "1504": {
        "category": 5,
        "type": "actionabl_rpa",
        "name": "Margin Pledge Move Files",
        "config_dat": {
            "script_type": 4,
            "script_name": "custom/Margin Pledge and Email Process/move_files.js"
        },
        "active": true,
        "updated_at": 1649314926681,
        "updated_by": "admin",
        "retry_count": 2
    },
    "1505": {
        "category": 7,
        "type": "send_email",
        "name": "Send Margin Pledge Status Mail",
        "icon": "Email.svg",
        "icon_type": 1,
        "config_dat": {
            "email_account": 192,
            "email_template": 193,
            "email_type": 2
        },
        "active": true,
        "updated_at": 1646128143048,
        "updated_by": "keval"
    },
    "margin_pledge_exception_mail_connector": {
        "category": 7,
        "type": "send_email",
        "name": "Margin Pledge Exception Mail Connector",
        "active": true,
        "retry_count": 1,
        "config_dat": {
            "email_account": 192,
            "email_template": "margin_pledge_exception_mail_template",
            "email_type": 2
        },
        "updated_at": 1646126288639,
        "updated_by": "keval"
    },
    "volume_sms_exception_mail_connector": {
        "category": 7,
        "type": "send_email",
        "name": "Volume SMS Exception Mail Connector",
        "active": true,
        "retry_count": 1,
        "updated_at": 1646126474810,
        "updated_by": "keval",
        "config_dat": {
            "email_account": 192,
            "email_template": "volume_sms_exception_mail_template",
            "email_type": 2
        }
    },
    "readfile": {
        "category": 5,
        "type": "actionabl_rpa",
        "name": "Read File",
        "active": true,
        "retry_count": 1,
        "config_dat": {
            "script_type": 4,
            "script_name": "test/test.js",
            "app_user": "admin",
            "app_password": "act",
            "script_params": {
                "FilePath": {
                    "type": 1,
                    "value": "C:\\\\Users\\\\Furquan\\\\VS Codes\\\\PDF\\\\output_base64.txt"
                }
            }
        },
        "updated_at": 1704197233989,
        "updated_by": "admin"
    }
}