{
    "margin_pledge_download_process-cron_start": {
        "automation_id": "cron",
        "proc_def_key": "margin_pledge_download_process",
        "task_key": "cron_start",
        "execution_mode": 2,
        "cron_schedule": "mp_cron",
        "active": true,
        "updated_at": 1662000998903,
        "updated_by": "admin",
        "run_interval": "min",
        "interval_period": 30,
        "disabled": true
    },
    "margin_pledge_download_process-copy_files": {
        "automation_id": 1501,
        "proc_def_key": "margin_pledge_download_process",
        "task_key": "copy_files",
        "execution_mode": 1,
        "active": true,
        "updated_at": 1642404490510,
        "updated_by": "admin"
    },
    "margin_pledge_download_process-encrypt_files": {
        "automation_id": 1502,
        "proc_def_key": "margin_pledge_download_process",
        "task_key": "encrypt_files",
        "execution_mode": 1,
        "active": true,
        "updated_at": 978287400000,
        "updated_by": "actionabl"
    },
    "margin_pledge_download_process-send_files": {
        "automation_id": 1503,
        "proc_def_key": "margin_pledge_download_process",
        "task_key": "send_files",
        "execution_mode": 1,
        "active": true,
        "updated_at": 978287400000,
        "updated_by": "actionabl"
    },
    "margin_pledge_download_process-move_files": {
        "automation_id": 1504,
        "proc_def_key": "margin_pledge_download_process",
        "task_key": "move_files",
        "execution_mode": 1,
        "active": true,
        "updated_at": 978287400000,
        "updated_by": "actionabl"
    },
    "margin_pledge_download_process-send_mail": {
        "automation_id": 1505,
        "proc_def_key": "margin_pledge_download_process",
        "task_key": "send_mail",
        "execution_mode": 1,
        "active": true,
        "updated_at": 978287400000,
        "updated_by": "actionabl"
    },
    "readfilee-readfile": {
        "schedule_type": "process",
        "proc_def_key": "readfilee",
        "task_key": "readfile",
        "automation_id": "readfile",
        "execution_mode": 1,
        "active": true,
        "updated_at": 1704253713585,
        "updated_by": "admin"
    }
}