{
    "mp_cron": {
        "name": "Margin Pledge Download Cron",
        "cron_config": [
            {
                "cron_expression": "* * * * 1-5",
                "start_tm": 1642910400302,
                "end_tm": 1642934700765,
                "start_time": 1642996800515,
                "end_time": 1643021400041
            }
        ],
        "active": true,
        "updated_at": 1651638877577,
        "updated_by": "admin",
        "time_slot": "min",
        "slot_period": 45
    }
}