{
    "pledge_repledge_folder": {
        "type": 1,
        "name": "Pledge Repledge Folder",
        "active": true,
        "updated_at": 978287400000,
        "updated_by": "actionabl"
    },
    "digisign_folder": {
        "type": 1,
        "name": "DIGISIGN Folder",
        "active": true,
        "updated_at": 978287400000,
        "updated_by": "actionabl"
    },
    "copy_files_complete": {
        "type": 4,
        "name": "Copy Files Complete",
        "active": true,
        "updated_at": 978287400000,
        "updated_by": "actionabl"
    },
    "encrypt_complete": {
        "type": 4,
        "name": "Encrypt Complete",
        "active": true,
        "updated_at": 978287400000,
        "updated_by": "actionabl"
    },
    "send_files_complete": {
        "type": 4,
        "name": "Send Files Complete",
        "active": true,
        "updated_at": 978287400000,
        "updated_by": "actionabl"
    },
    "move_files_complete": {
        "type": 4,
        "name": "Move Files Complete",
        "active": true,
        "updated_at": 978287400000,
        "updated_by": "actionabl"
    },
    "upload_complete": {
        "type": 4,
        "name": "All Upload Complete",
        "active": true,
        "updated_at": 978287400000,
        "updated_by": "actionabl"
    },
    "skip_copy_files": {
        "type": 4,
        "name": "Skip Copy Files",
        "active": true,
        "updated_at": 978287400000,
        "updated_by": "actionabl"
    },
    "skip_encrypt_files": {
        "type": 4,
        "name": "Skip Encrypt Files",
        "active": true,
        "updated_at": 978287400000,
        "updated_by": "actionabl"
    },
    "skip_send_files": {
        "type": 4,
        "name": "Skip Send Files",
        "active": true,
        "updated_at": 978287400000,
        "updated_by": "actionabl"
    },
    "skip_move_files": {
        "type": 4,
        "name": "Skip Move Files",
        "active": true,
        "updated_at": 978287400000,
        "updated_by": "actionabl"
    },
    "mp_files": {
        "type": 8,
        "name": "MP Files",
        "is_list": true,
        "config_dat": [
            {
                "id": "file_name"
            }
        ],
        "active": true,
        "updated_at": 978287400000,
        "updated_by": "actionabl"
    },
    "mp_mail_part_no": {
        "name": "Margin Pledge Mail Part Number",
        "type": 2,
        "active": true,
        "config_dat": {},
        "updated_at": 1642672027400,
        "updated_by": "keval"
    }
}
