{
  "191": {
    "type": 3,
    "name": "HDFC Margin Pledge FTP",
    "config_dat": {
      "host": "efg.hdfcbank.com",
      "port": 22,
      "app_user": "CHSL_HRT",
      "app_password": "Hsl@1111",
      "api": 2,
      "protocol": 2,
      "user": "CHSL_HRT",
            "password": "Hsl@5555",
      "connection_params": "-privatekey=\"d:/BSE/pvt_key.ppk\" -rawsettings ProxyMethod=3 ProxyHost=172.16.1.30 ProxyPort=3128"
    },
    "active": true,
        "updated_at": 1666845115043,
    "updated_by": "admin"
  },
  "192": {
    "config_dat": {
      "user": "risk@hdfcsec.com",
      "password": null,
      "host": "10.176.4.16",
      "port": 993,
      "smtp_host": "10.176.4.16",
      "smtp_port": 25,
      "tls": false,
      "ssl": false,
      "incoming_server": {
        "host": "10.176.4.16",
        "port": 993,
        "protocol": "pop3"
      },
      "outgoing_server": {
        "host": "10.176.4.16",
        "port": 25
      }
    },
    "type": 1,
    "name": "Margin Pledge Email Account",
    "active": true,
    "updated_at": 1646128085424,
    "updated_by": "keval"
  },
  "193": {
    "type": 2,
    "name": "Margin Pledge Download Status Mail",
    "config_dat": {
      "recipient_email": "dptxn@hdfcbank.com",
      "cc_email": "rajesh.bramhadande@hdfcbank.com;anil.redekar@hdfcbank.com;arun.khamkar1@hdfcbank.com;balakrishna.bonala@hdfcbank.com;hemantr.ahire@hdfcbank.com;umesh.hadape@hdfcbank.com;vivek.sonar@hdfcbank.com;nandkishor.kadam@hdfcbank.com;ashish.nayak@hdfcbank.com;dhiraj.kunder@hdfcsec.com;mehul.shah@hdfcsec.com;Yatin.Sawant@hdfcsec.com;Bhavik.Sotta@hdfcsec.com;Avinash.More@hdfcsec.com",
      "bcc_email": "risk@hdfcsec.com",
      "email_subject": "HRP Files for upload into DBOS_Part {{mp_mail_part_no}}",
      "html_email": true,
      "body_template": "hdfc-margin_pledge.html",
      "body_type": "mailgen",
      "body": {
        "greeting": "Hi",
        "recipient_name": "All",
        "intro": [
          {
            "value": "Following files have been shared via SFTP:"
          }
        ],
        "table": "{{mp_files}}",
        "signature": "Regards,<br /> Risk Team <br /> HDFC Securities <br /> Contact Number - <br /> 8657491213, 8657491214, 8657491215, 8657491216, 8657491217,8657491218, 9324612028, 9653411217, 8104718331, 9833007801, 8779597052, 8433924878, 9819439171 <br /><br /> CIN - U67120MH2000PLC152193 <br /> Member: NSE, BSE,MSEI, MCX | Registration Number: INZ000186937 <br /> Member: CDSL | Registration Number: IN-DP-372-2018 <br /> Research Analyst: INH000002475 | PFRDA: POP-04102015 | AMFI: ARN13549 <br /> For any complaints / grievance: services@hdfcsec.com <br /> Compliance Officer: Binkle R. Oza, Contact: +91 22 3045 3600, <br /> Email : complianceofficer@hdfcsec.com"
      }
    },
    "active": true,
    "updated_at": 1646128133638,
    "updated_by": "keval"
  },
  "margin_pledge_exception_mail_template": {
    "config_dat": {
      "html_email": true,
      "body_template": "hdfc-margin_pledge_exception.html",
      "body_type": "mailgen",
      "cc_email": "keval.juthani@actionabl.ai;mansi.phuria@featsystems.com",
      "email_subject": "New {{task_key}} task {{orig_buss_id}} for process {{process_key}} has been created.",
      "body": {
        "greeting": "Hello",
        "recipient_name": "All",
        "signature": "Regards,<br /> Team Actionabl",
        "intro": [
          {
            "value": "An error has occurred in Margin Pledge Download and Email process. Please login into Actionabl to see details."
          }
        ],
        "dictionary": "{{error_message}}"
      }
    },
    "type": 2,
    "name": "Margin Pledge Exception Mail Template",
    "active": true,
    "updated_at": 1646126130011,
    "updated_by": "keval"
  },
  "volume_sms_exception_mail_template": {
    "config_dat": {
      "html_email": true,
      "body_template": "hdfc-volume_sms_exception.html",
      "body_type": "mailgen",
      "cc_email": "keval.juthani@actionabl.ai;mansi.phuria@featsystems.com",
      "email_subject": "New {{task_key}} task {{orig_buss_id}} for process {{process_key}} has been created.",
      "body": {
        "greeting": "Hello",
        "recipient_name": "All",
        "signature": "Regards,<br /> Team Actionabl",
        "intro": [
          {
            "value": "An error has occurred in Volume SMS process. Please login into Actionabl to see details."
          }
        ],
        "dictionary": "{{error_message}}"
      }
    },
    "type": 2,
    "name": "Volume SMS Exception Mail Template",
    "active": true,
    "updated_at": 1646126261846,
    "updated_by": "keval"
  }
}
