{
    "1501": {
        "category": 1,
        "type": 3,
        "name": "Copy Files Complete",
        "config_dat": [
            {
                "condition": "$.copy_files_complete !== true",
                "action": "throw \"Could not complete copy files\""
            }
        ],
        "active": true,
        "updated_at": 978287400000,
        "updated_by": "actionabl"
    },
    "1502": {
        "category": 1,
        "type": 3,
        "name": "Encrypt Files Complete",
        "config_dat": [
            {
                "condition": "$.encrypt_files_complete !== true",
                "action": "throw \"Could not complete encrypt files\""
            }
        ],
        "active": true,
        "updated_at": 978287400000,
        "updated_by": "actionabl"
    },
    "1503": {
        "category": 1,
        "type": 3,
        "name": "Send Files Complete",
        "config_dat": [
            {
                "condition": "$.send_files_complete !== true",
                "action": "throw \"Could not complete send files\""
            }
        ],
        "active": true,
        "updated_at": 978287400000,
        "updated_by": "actionabl"
    },
    "1504": {
        "category": 1,
        "type": 3,
        "name": "Move Files Complete",
        "config_dat": [
            {
                "condition": "$.move_files_complete !== true",
                "action": "throw \"Could not complete move files\""
            }
        ],
        "active": true,
        "updated_at": 978287400000,
        "updated_by": "actionabl"
    },
    "mp_set_mail_part_no": {
        "category": 1,
        "type": 4,
        "name": "Margin Pledge Set Mail Part Number",
        "active": true,
        "config_dat": {
            "script": "const { bfs, config } = modules;\r\nconst format = modules.require('date-fns/format');\r\nlet rslt;\r\ntry {\r\n    let filePath = `${config.folders.runtime.temp}\\\\mail_part.txt`;\r\n    let currDate = format(new Date(), 'dd-MM-yyyy');\r\n    let mailPartNo = 1;\r\n\r\n    rslt = await bfs.fileExists(filePath);\r\n    if (rslt.rc != 0) return rslt;\r\n    if (rslt.data) {\r\n        rslt = await bfs.readFile(filePath);\r\n        if (rslt.rc != 0) return rslt;\r\n\r\n        let data = rslt.data;\r\n        let existingDate = data.split(':')[0];\r\n        let existingPart = +data.split(':')[1];\r\n\r\n        if (existingDate == currDate) {\r\n            mailPartNo = existingPart + 1;\r\n            rslt = await bfs.writeFile(filePath, `${currDate}:${mailPartNo}`);\r\n            if (rslt.rc != 0) return rslt;\r\n            $.mp_mail_part_no = mailPartNo;\r\n        }\r\n        else {\r\n            rslt = await bfs.writeFile(filePath, `${currDate}:${mailPartNo}`);\r\n            if (rslt.rc != 0) return rslt;\r\n            $.mp_mail_part_no = mailPartNo;\r\n        }\r\n    }\r\n    else {\r\n        rslt = await bfs.writeFile(filePath, `${currDate}:${mailPartNo}`);\r\n        if (rslt.rc != 0) return rslt;\r\n        $.mp_mail_part_no = mailPartNo;\r\n    }\r\n\r\n    return { rc: 0 };\r\n\r\n} catch (error) {\r\n    return { rc: 1, msg: error.message };\r\n}"
        },
        "updated_at": 1642670816976,
        "updated_by": "keval"
    }
}