{
    "mailsender": {
        "category": 7,
        "type": "send_email",
        "name": "mailSender",
        "active": true,
        "config_dat": {
            "email_account": "feataccount",
            "email_template": "mailsendertemp",
            "email_type": 2
        },
        "updated_at": 1706691634670,
        "updated_by": "admin"
    },
    "exceltask1": {
        "category": 5,
        "type": "actionabl_rpa",
        "name": "ExcelTask1",
        "active": true,
        "config_dat": {
            "script_type": 4,
            "script_name": "test_excel/ExcelTask1.js",
            "app_user": "admin",
            "app_password": "act",
            "script_params": {}
        },
        "updated_at": 1706871935402,
        "updated_by": "admin"
    },
    "emailsender": {
        "category": 7,
        "type": "send_email",
        "name": "emailSender",
        "active": true,
        "config_dat": {
            "email_account": "feataccount2",
            "email_template": "feattemp2",
            "email_type": 2
        },
        "updated_at": 1707309254360,
        "updated_by": "admin"
    }
}