{
    "multiemailsender2-filesender": {
        "schedule_type": "process",
        "proc_def_key": "multiemailsender2",
        "task_key": "filesender",
        "automation_id": "filesender",
        "execution_mode": 1,
        "active": true,
        "updated_at": 1707124449397,
        "updated_by": "admin"
    },
    "multiemailsender2-subjsender": {
        "schedule_type": "process",
        "proc_def_key": "multiemailsender2",
        "task_key": "subjsender",
        "automation_id": "subjsender",
        "execution_mode": 1,
        "active": true,
        "updated_at": 1707124449450,
        "updated_by": "admin"
    },
    "multiemailsender2-emailsender": {
        "schedule_type": "process",
        "proc_def_key": "multiemailsender2",
        "task_key": "emailsender",
        "automation_id": "emailsender",
        "execution_mode": 1,
        "active": true,
        "updated_at": 1707124449498,
        "updated_by": "admin"
    }
}