{
    "mailsendertemp": {
        "config_dat": {
            "recipient_email": "furquan.ansari@featsystems.com",
            "from_email": "furquan.ansari@featsystems.com",
            "html_email": true,
            "body_type": "mailgen",
            "body_template": "mailSender.html"
        },
        "type": 2,
        "name": "mailSenderTemp",
        "active": true,
        "updated_at": 1706691617282,
        "updated_by": "admin"
    },
    "feattemp2": {
        "config_dat": {
            "recipient_email": "furquan.ansari@featsystems.com",
            "from_email": "furquan.ansari@featsystems.com",
            "email_subject": "{{subjarr}}",
            "html_email": true,
            "body_type": "mailgen",
            "body_template": "mailSender.html",
            "attachments": [
                {
                    "filename": "{{file}}",
                    "path_field": "attacharr"
                }
            ],
            "body": {
                "intro": [
                    {
                        "value": "{{file}}"
                    }
                ]
            }
        },
        "type": 2,
        "name": "Feat Temp2",
        "active": true,
        "updated_at": 1707125002590,
        "updated_by": "admin"
    }
}