{
    "readfilelinearcon": {
        "category": 5,
        "type": "actionabl_rpa",
        "name": "Read File linear",
        "active": true,
        "retry_count": 1,
        "updated_at": 1704257280551,
        "updated_by": "admin",
        "config_dat": {
            "user": "admin",
            "password": "*******",
            "script_type": 4,
            "script_name": "test/test.js",
            "script_params": {
                "FilePath": {
                    "type": 1,
                    "value": "C:\\Users\\Furquan\\VS Codes\\PDF\\output_base64.txt"
                }
            },
            "password_hidden": "act",
            "app_password_hidden": "act"
        }
    }
}