{
    "readfilee-readfile": {
        "schedule_type": "process",
        "proc_def_key": "readfilee",
        "task_key": "readfile",
        "automation_id": "readfile",
        "execution_mode": 1,
        "active": true,
        "updated_at": 1704256703575,
        "updated_by": "admin",
        "disabled": false
    },
    "rpainputforms-activity_01": {
        "schedule_type": "process",
        "proc_def_key": "rpainputforms",
        "task_key": "activity_01",
        "automation_id": "rapchallenge1",
        "execution_mode": 1,
        "active": true,
        "updated_at": 1705032062174,
        "updated_by": "admin"
    }
}