{
    "readfile": {
        "category": 5,
        "type": "actionabl_rpa",
        "name": "Read File",
        "active": true,
        "retry_count": 1,
        "config_dat": {
            "user": "admin",
            "password": "act",
            "script_type": 4,
            "script_name": "test_bfs/test.js",
            "app_user": "admin",
            "app_password": "act",
            "script_params": {
                "FilePath": {
                    "type": 2,
                    "value": "C:\\\\Users\\\\Furquan\\\\VS Codes\\\\PDF\\\\output_base64.txt"
                }
            }
        },
        "updated_at": 1704969619074,
        "updated_by": "admin"
    }
}