{
    "ndml_pdf_download": {
        "category": 5,
        "type": "actionabl_rpa",
        "name": "ndml_pdf_download",
        "active": true,
        "config_dat": {
            "script_type": 4,
            "script_name": "test_custom_RPA/Compliance_Circular_HDFC/ndml/ndml_pdf_download.js",
            "app_user": "admin",
            "app_password": "act",
            "script_params": {}
        },
        "updated_at": 1712555314560,
        "updated_by": "admin"
    },
    "nse_pdf_download": {
        "category": 5,
        "type": "actionabl_rpa",
        "name": "nse_pdf_download",
        "active": true,
        "config_dat": {
            "script_type": 4,
            "script_name": "test_custom_RPA/Compliance_Circular_HDFC/nse/nse_pdf_download.js",
            "app_user": "admin",
            "app_password": "act",
            "script_params": {}
        },
        "updated_at": 1712568307706,
        "updated_by": "admin"
    }
}