{
  "btbh_upload_process": {
    "fields": [
      {
        "field": "run_date"
      },
      {
        "field": "start_date"
      },
      {
        "field": "start_time"
      },
      {
        "field": "end_date"
      },
      {
        "field": "end_time"
      },
      {
        "field": "file_name"
      },
      {
        "field": "file_status"
      },
      {
        "field": "message"
      },
      {
        "field": "main_folder"
      },
      {
        "field": "stop_fos_hold_complete"
      },
      {
        "field": "btbh_files"
      },
      {
        "field": "download_complete"
      },
      {
        "field": "merchant_files"
      },
      {
        "field": "merchant_upload_complete"
      },
      {
        "field": "upload_complete"
      },
      {
        "field": "retry"
      }
    ]
  },
  "cron_start": {
    "activity_type": 0,
    "start_form": true,
    "buss_id_prefix": "BTBH",
    "buss_id_value": "1",
    "connector": 17,
    "input": [
      {
        "field": "run_date"
      },
      {
        "field": "start_date"
      },
      {
        "field": "start_time"
      },
      {
        "field": "end_date"
      },
      {
        "field": "end_time"
      }
    ]
  },
  "btbh_upload": {
    "activity_type": "5",
    "connector": 1084,
    "input": [
      {
        "field": "main_folder"
      },
      {
        "field": "btbh_files"
      },
      {
        "field": "merchant_upload_complete"
      }
    ],
    "output": [
      {
        "field": "btbh_files",
        "required": true
      },
      {
        "field": "upload_complete",
        "required": true
      }
    ],
    "pre_activity_rule": [
      {
        "id": 1082
      }
    ]
  },
  "btbh_upload_status_mail": {
    "activity_type": 7,
    "connector": 1089,
    "input": [
      {
        "field": "btbh_files"
      },
      {
        "field": "upload_complete"
      }
    ],
    "pre_activity_rule": [
      {
        "id": 1084
      }
    ]
  },
  "dcp_team_mail": {
    "activity_type": 7,
    "connector": 1086,
    "input": [
      {
        "field": "stop_fos_hold_complete"
      }
    ],
    "pre_activity_rule": []
  },
  "dm_determine_times": {
    "activity_type": "2",
    "input": [
      {
        "field": "run_date"
      }
    ],
    "dmn": 181,
    "output": [
      {
        "field": "start_date"
      },
      {
        "field": "start_time",
        "required": true
      },
      {
        "field": "end_date"
      },
      {
        "field": "end_time",
        "required": true
      }
    ]
  },
  "download_status_mail": {
    "activity_type": 7,
    "connector": 1087,
    "input": [
      {
        "field": "download_complete"
      },
      {
        "field": "btbh_files"
      }
    ],
    "pre_activity_rule": [
      {
        "id": 1084
      }
    ]
  },
  "merchant_banking_file_upload": {
    "activity_type": "5",
    "connector": 1083,
    "input": [
      {
        "field": "run_date"
      },
      {
        "field": "main_folder"
      },
      {
        "field": "btbh_files"
      }
    ],
    "output": [
      {
        "field": "merchant_files",
        "required": true
      },
      {
        "field": "merchant_upload_complete",
        "required": true
      }
    ]
  },
  "merchant_banking_status_email": {
    "activity_type": 7,
    "connector": 1088,
    "input": [
      {
        "field": "main_folder"
      },
      {
        "field": "merchant_files",
        "name": "btbh_files"
      },
      {
        "field": "merchant_upload_complete"
      }
    ],
    "pre_activity_rule": [
      {
        "id": 1083
      },
      {
        "id": 1084
      }
    ]
  },
  "net_banking_download": {
    "activity_type": 5,
    "connector": 1082,
    "output": [
      {
        "field": "btbh_files",
        "required": true
      },
      {
        "field": "download_complete",
        "required": true
      }
    ],
    "input": [
      {
        "field": "run_date"
      },
      {
        "field": "start_date"
      },
      {
        "field": "start_time"
      },
      {
        "field": "end_date"
      },
      {
        "field": "main_folder"
      },
      {
        "field": "stop_fos_hold_complete"
      },
      {
        "field": "end_time"
      }
    ],
    "pre_activity_rule": [
      {
        "id": 1081
      }
    ]
  },
  "stop_fos_hold": {
    "activity_type": "5",
    "connector": 1081,
    "input": [
      {
        "field": "run_date"
      }
    ],
    "output": [
      {
        "field": "stop_fos_hold_complete"
      },
      {
        "field": "main_folder"
      }
    ]
  },
  "user_manual_download": {
    "activity_type": "1",
    "input": [],
    "output": [
      {
        "field": "btbh_files"
      },
      {
        "field": "download_complete"
      },
      {
        "field": "retry"
      }
    ],
    "assignment_strategy": "WG",
    "assignee": "53",
    "post_activity_rule": [
      {
        "id": 1086
      }
    ],
    "pre_activity_rule": [
      {
        "id": 1085
      }
    ]
  },
  "user_manual_upload": {
    "activity_type": "1",
    "assignment_strategy": "WG",
    "assignee": "53",
    "input": [],
    "output": [
      {
        "field": "btbh_files"
      },
      {
        "field": "upload_complete"
      },
      {
        "field": "retry"
      }
    ],
    "post_activity_rule": [
      {
        "id": 1087
      }
    ],
    "pre_activity_rule": [
      {
        "id": 1085
      }
    ]
  }
}