{
    "compliancensdldp-nsdldp": {
        "schedule_type": "process",
        "proc_def_key": "compliancensdldp",
        "task_key": "nsdldp",
        "automation_id": "nsdlcircularweb",
        "execution_mode": 1,
        "active": true,
        "updated_at": 1709113353372,
        "updated_by": "admin"
    },
    "compliance_nsdl_dp-nsdldp": {
        "schedule_type": "process",
        "proc_def_key": "compliance_nsdl_dp",
        "task_key": "nsdldp",
        "automation_id": "nsdlcircularweb",
        "execution_mode": 1,
        "active": true,
        "updated_at": 1709113602755,
        "updated_by": "admin"
    }
}