{
    "process-emailtask": {
        "schedule_type": "process",
        "proc_def_key": "process",
        "task_key": "emailtask",
        "automation_id": "emailtask",
        "execution_mode": 1,
        "active": true,
        "updated_at": 1706071353920,
        "updated_by": "admin"
    },
    "process-logfile": {
        "schedule_type": "process",
        "proc_def_key": "process",
        "task_key": "logfile",
        "automation_id": "logfile",
        "execution_mode": 1,
        "active": true,
        "updated_at": 1706071354067,
        "updated_by": "admin"
    }
}