{
    "stocks1": {
        "category": 5,
        "type": "actionabl_rpa",
        "name": "Stocks_1",
        "active": true,
        "config_dat": {
            "script_type": 1,
            "script_name": "test_web_RPA/stocks.js",
            "app_user": "admin",
            "app_password": "act",
            "script_params": {},
            "browser_params": {
                "browser_type": "chromium",
                "store_state": true,
                "accept_downloads": false,
                "channel": "msedge",
                "headless": false
            }
        },
        "updated_at": 1705309925420,
        "updated_by": "admin"
    },
    "rpacustomstock": {
        "category": 5,
        "type": "actionabl_rpa",
        "name": "RPA Custom Stock",
        "active": true,
        "config_dat": {
            "script_type": 4,
            "script_name": "test_custom_RPA/customRPA_Stocks.js",
            "app_user": "admin",
            "app_password": "act",
            "script_params": {}
        },
        "updated_at": 1705377325510,
        "updated_by": "admin"
    },
    "rpawindowstocks": {
        "category": 5,
        "type": "actionabl_rpa",
        "name": "RPA Windows Stocks",
        "active": true,
        "config_dat": {
            "script_type": 2,
            "script_name": "test_windows_RPA/stocks.js",
            "app_user": "admin",
            "app_password": "act",
            "script_params": {}
        },
        "updated_at": 1705379337973,
        "updated_by": "admin"
    },
    "exceltask": {
        "category": 5,
        "type": "actionabl_rpa",
        "name": "Excel Task",
        "active": true,
        "config_dat": {
            "script_type": 4,
            "script_name": "test_excel/ExcelTask.js",
            "app_user": "admin",
            "app_password": "act",
            "script_params": {}
        },
        "updated_at": 1705649417199,
        "updated_by": "admin"
    },
    "emailtask": {
        "category": 5,
        "type": "actionabl_rpa",
        "name": "Email Task",
        "active": true,
        "config_dat": {
            "script_type": 4,
            "script_name": "custom/Task/emailTask.js",
            "app_user": "admin",
            "app_password": "act",
            "script_params": {}
        },
        "updated_at": 1706005994605,
        "updated_by": "admin"
    }
}