{
    "feataccount": {
        "config_dat": {
            "user": "furquan.ansari@featsystems.com",
            "password": "@0iam@Mumbai9@",
            "incoming_server": {
                "host": "mail.featsystems.com",
                "port": 993,
                "protocol": "imap",
                "ssl": false
            },
            "outgoing_server": {
                "host": "mail.featsystems.com",
                "port": 25,
                "ssl": false
            }
        },
        "type": 1,
        "name": "Feat Account",
        "active": true,
        "updated_at": 1707308836126,
        "updated_by": "admin"
    },
    "feattemp": {
        "config_dat": {
            "recipient_email": "furquan.ansari@featsystems.com",
            "from_email": "furquan.ansari@featsystems.com",
            "email_subject": "{{subject}}",
            "html_email": true,
            "body_type": "mailgen",
            "body_template": "mailSender.html",
            "body": {
                "recipient_name": "Furquan",
                "signature": "Furquan Ansari",
                "intro": [
                    {
                        "value": "{{file}}"
                    }
                ]
            },
            "attachments": [
                null,
                null
            ]
        },
        "type": 2,
        "name": "Feat Temp",
        "active": true,
        "updated_at": 1707113502415,
        "updated_by": "admin"
    }
}