{
    "compliance_linear_email_sender-readcompliancefile": {
        "schedule_type": "process",
        "proc_def_key": "compliance_linear_email_sender",
        "task_key": "readcompliancefile",
        "automation_id": "readcompliancefile",
        "execution_mode": 1,
        "active": true,
        "updated_at": 1710494944281,
        "updated_by": "admin"
    },
    "compliance_linear_email_sender-sendsuccessemail": {
        "schedule_type": "process",
        "proc_def_key": "compliance_linear_email_sender",
        "task_key": "sendsuccessemail",
        "automation_id": "complianceemailsender1",
        "execution_mode": 1,
        "active": true,
        "updated_at": 1710494944410,
        "updated_by": "admin"
    },
    "compliance_linear_email_sender-successnotification": {
        "schedule_type": "process",
        "proc_def_key": "compliance_linear_email_sender",
        "task_key": "successnotification",
        "automation_id": "complianceemailsender2",
        "execution_mode": 1,
        "active": true,
        "updated_at": 1710494944476,
        "updated_by": "admin"
    },
    "compliance_linear_email_sender-sendunsuccessemail": {
        "schedule_type": "process",
        "proc_def_key": "compliance_linear_email_sender",
        "task_key": "sendunsuccessemail",
        "automation_id": "complianceemailsender3",
        "execution_mode": 1,
        "active": true,
        "updated_at": 1710500501854,
        "updated_by": "admin"
    }
}