{
    "compliancefailemail": {
        "config_dat": {
            "recipient_email": "furquan.ansari@featsystems.com",
            "email_subject": "Attachment mail failed to sent",
            "html_email": true,
            "body_type": "mailgen",
            "body_template": "hdfc-cml.html",
            "body": {
                "greeting": "Hi",
                "recipient_name": "Furquan",
                "signature": "Muhammad Furquan Ansari",
                "intro": [
                    {
                        "value": "Status: Unfortunately attachment file fail to sent"
                    }
                ]
            }
        },
        "type": 2,
        "name": "compliancefailemail",
        "active": true,
        "updated_at": 1710501582986,
        "updated_by": "admin"
    }
}