{
    "nsdl_dp_pdf_download": {
        "category": 5,
        "type": "actionabl_rpa",
        "name": "nsdl_dp_pdf_download",
        "active": true,
        "config_dat": {
            "script_type": 4,
            "script_name": "test_custom_RPA/Compliance_Circular_HDFC/nsdl/nsdl_dp_pdf_download.js",
            "app_user": "admin",
            "app_password": "act",
            "script_params": {}
        },
        "updated_at": 1713246157286,
        "updated_by": "admin"
    },
    "mcx_pdf_download1": {
        "category": 5,
        "type": "actionabl_rpa",
        "name": "mcx_pdf_download1",
        "active": true,
        "config_dat": {
            "script_type": 4,
            "script_name": "test_custom_RPA/Compliance_Circular_HDFC/mcx/mcx_pdf_download1.js",
            "app_user": "admin",
            "app_password": "act",
            "script_params": {}
        },
        "updated_at": 1713417214642,
        "updated_by": "admin"
    },
    "double_ui": {
        "category": 5,
        "type": "actionabl_rpa",
        "name": "double_ui",
        "active": true,
        "config_dat": {
            "script_type": 2,
            "script_name": "test_windows_RPA/double_ui.js",
            "app_user": "admin",
            "app_password": "act",
            "script_params": {}
        },
        "updated_at": 1713501686950,
        "updated_by": "admin"
    }
}