{
    "compliance_cdsl_rta_custom": {
        "category": 5,
        "type": "actionabl_rpa",
        "name": "compliance_cdsl_rta_custom",
        "active": true,
        "config_dat": {
            "script_type": 4,
            "script_name": "test_custom_RPA/Compliance_Circular_HDFC/cdsl/cdsl_circular_rta_1.js",
            "app_user": "admin",
            "app_password": "act",
            "script_params": {}
        },
        "updated_at": 1711086575089,
        "updated_by": "admin"
    }
}