{
    "compliance_nsdl_pdf_download_custom": {
        "category": 5,
        "type": "actionabl_rpa",
        "name": "compliance_nsdl_pdf_download_custom",
        "active": true,
        "config_dat": {
            "script_type": 4,
            "script_name": "test_custom_RPA/Compliance_Circular_HDFC/nsdl_pdf_download.js",
            "app_user": "admin",
            "app_password": "act",
            "script_params": {}
        },
        "updated_at": 1712301488715,
        "updated_by": "admin"
    }
}