{
    "process2-emailtask": {
        "schedule_type": "process",
        "proc_def_key": "process2",
        "task_key": "emailtask",
        "automation_id": "emailtask",
        "execution_mode": 1,
        "active": true,
        "updated_at": 1706080443482,
        "updated_by": "admin",
        "disabled": false
    },
    "process2-logfile": {
        "schedule_type": "process",
        "proc_def_key": "process2",
        "task_key": "logfile",
        "automation_id": "logfile",
        "execution_mode": 1,
        "active": true,
        "updated_at": 1706080443525,
        "updated_by": "admin",
        "disabled": false
    },
    "multiemailsender-filesender": {
        "schedule_type": "process",
        "proc_def_key": "multiemailsender",
        "task_key": "filesender",
        "automation_id": "filesender",
        "execution_mode": 1,
        "active": true,
        "updated_at": 1706166960409,
        "updated_by": "admin"
    },
    "multiemailsender-subjsender": {
        "schedule_type": "process",
        "proc_def_key": "multiemailsender",
        "task_key": "subjsender",
        "automation_id": "subjsender",
        "execution_mode": 1,
        "active": true,
        "updated_at": 1706166960665,
        "updated_by": "admin"
    },
    "multiemailsender-email": {
        "schedule_type": "process",
        "proc_def_key": "multiemailsender",
        "task_key": "email",
        "automation_id": "logfile",
        "execution_mode": 1,
        "active": true,
        "updated_at": 1706166960717,
        "updated_by": "admin"
    }
}