{
    "filesender": {
        "category": 5,
        "type": "actionabl_rpa",
        "name": "fileSender",
        "active": true,
        "config_dat": {
            "script_type": 4,
            "script_name": "custom/Task/mutiEmailSender/fileSender.js",
            "app_user": "admin",
            "app_password": "act",
            "script_params": {}
        },
        "updated_at": 1706161956308,
        "updated_by": "admin"
    },
    "subjsender": {
        "category": 5,
        "type": "actionabl_rpa",
        "name": "subjSender",
        "active": true,
        "config_dat": {
            "script_type": 4,
            "script_name": "custom/Task/mutiEmailSender/subjSender.js",
            "app_user": "admin",
            "app_password": "act",
            "script_params": {}
        },
        "updated_at": 1706161995709,
        "updated_by": "admin"
    }
}