{
    "filename": {
        "name": "Filename",
        "type": 1,
        "is_list": false,
        "active": true,
        "config_dat": {},
        "updated_at": 1706177373740,
        "updated_by": "admin"
    },
    "decision": {
        "name": "decision",
        "type": 4,
        "active": true,
        "config_dat": {},
        "updated_at": 1706174153643,
        "updated_by": "admin"
    },
    "filename1": {
        "name": "Filename1",
        "type": 1,
        "active": true,
        "config_dat": {},
        "updated_at": 1706174801201,
        "updated_by": "admin"
    },
    "filename2": {
        "name": "Filename2",
        "type": 1,
        "active": true,
        "config_dat": {},
        "updated_at": 1706174816982,
        "updated_by": "admin"
    },
    "filearr": {
        "name": "FileArr",
        "type": 1,
        "is_list": true,
        "active": true,
        "config_dat": {},
        "updated_at": 1706177401982,
        "updated_by": "admin"
    },
    "file": {
        "name": "File",
        "type": 10,
        "active": true,
        "config_dat": {},
        "updated_at": 1710477296917,
        "updated_by": "admin"
    }
}