{
    "cml_read_email": {
        "category": 0,
        "type": "read_email",
        "name": "CML Read Email",
        "icon": "Email.svg",
        "icon_type": 1,
        "config_dat": {
            "email_account": "cml_email_account",
            "email_fields": [
                "subject",
                "sender",
                "received_date",
                "message_uid",
                "cc_email",
                "email_message"
            ],
            "save_attachments": false,
            "fetch_count": 10,
            "script_params": {
                "subject_filter": {
                    "type": 1,
                    "value": "cml,client master list,cmr,client master"
                },
                "email_msg_filter": {
                    "type": 1,
                    "value": "client id,dp no,dp number,dp account no,dp id,dp a/c number,dp ac no,dp account number,demat acc no,bo id,trading no,trading number,trading id,trading code,trading a/c no,trading ac no,trading acc no,ucc,demat a/c no"
                },
                "ignore_sender": {
                    "type": 1,
                    "value": "dpops@hdfcsec.com,postmaster@hdfcsec.com"
                },
                "ignore_subject": {
                    "type": 1,
                    "value": "DELIVERY FAILURE"
                },
                "from_message_uid": {
                    "type": 2,
                    "value": 9200
                }
            },
            "custom_filter": "CML Mail/cml_mail_filter.js",
            "exclude_email_ids": [
                "dpops@hdfcsec.com",
                "postmaster@hdfcsec.com"
            ]
        },
        "active": true,
        "updated_at": 1669175244683,
        "updated_by": "keval",
        "retry_count": 1
    },
    "extract_id_connector": {
        "category": 5,
        "type": "actionabl_rpa",
        "name": "Extract ID Connector",
        "active": true,
        "config_dat": {
            "script_type": 4,
            "script_name": "custom/CML/extract_id.js",
            "script_params": {}
        },
        "updated_at": 1645759316719,
        "updated_by": "admin",
        "retry_count": 1
    },
    "dp_secure_client_connector": {
        "category": 5,
        "type": "actionabl_rpa",
        "name": "DP Secure Client Connector",
        "active": true,
        "config_dat": {
            "script_type": 1,
            "script_name": "Web/rule/CML/dp_secure_client.js",
            "script_params": {
                "userId": {
                    "type": 1,
                    "value": "RPAUSER"
                },
                "password": {
                    "type": 1,
                    "value": "hsl@2222"
                },
                "dp_client_logout": {
                    "type": 1,
                    "value": "http://172.16.1.176:8585/cdsilclient/log_out.asp"
                }
            },
            "app_path": "http://172.16.1.176:8585/cdsilclient/dpsecure.asp"
        },
        "updated_at": 1652762020986,
        "updated_by": "admin"
    },
    "dp_secure_server_connector": {
        "category": 5,
        "type": "actionabl_rpa",
        "name": "DP Secure Server Connector",
        "active": true,
        "config_dat": {
            "script_type": 1,
            "script_name": "Web/rule/CML/dp_secure_server.js",
            "script_params": {
                "userId": {
                    "type": 1,
                    "value": "RPAUSER"
                },
                "password": {
                    "type": 1,
                    "value": "hsl@2222"
                },
                "dp_server_logout": {
                    "type": 1,
                    "value": "http://172.16.1.176:8585/cdsilserver/log_out.asp"
                }
            },
            "app_path": "http://172.16.1.176:8585/cdsilserver/default.asp"
        },
        "updated_at": 1652761985645,
        "updated_by": "admin"
    },
    "incorrect_dp_mail": {
        "category": 7,
        "type": "send_email",
        "name": "Incorrect DP/Trading Mail",
        "active": true,
        "config_dat": {
            "email_account": "cml_email_account",
            "email_template": "incorrect_dp_template",
            "email_type": 1
        },
        "updated_at": 1644986002083,
        "updated_by": "admin"
    },
    "successful_cml": {
        "category": 7,
        "type": "send_email",
        "name": "Successful CML",
        "active": true,
        "config_dat": {
            "email_account": "cml_email_account",
            "email_template": "success_cml_template",
            "email_type": 1
        },
        "updated_at": 1645103209158,
        "updated_by": "admin"
    },
    "cml_exception_mail_connector": {
        "category": 7,
        "type": "send_email",
        "name": "CML Exception Mail Connector",
        "active": true,
        "retry_count": 1,
        "config_dat": {
            "email_account": "cml_email_account",
            "email_template": "cml_exception_mail_template",
            "email_type": 2
        },
        "updated_at": 1646115188102,
        "updated_by": "keval"
    },
    "cml_filter_email_connector": {
        "category": 5,
        "type": "actionabl_rpa",
        "name": "CML Filter Email Connector",
        "active": true,
        "retry_count": 1,
        "config_dat": {
            "script_type": 4,
            "script_name": "custom/CML/filter_email.js",
            "script_params": {}
        },
        "updated_at": 1651657502343,
        "updated_by": "admin"
    }
}