{
    "cml_email_request-cml_filter_email_task": {
        "proc_def_key": "cml_email_request",
        "task_key": "cml_filter_email_task",
        "automation_id": "cml_filter_email_connector",
        "execution_mode": 1,
        "active": true,
        "updated_at": 1667815831003,
        "updated_by": "admin"
    },
    "cml_email_request-extract_id": {
        "proc_def_key": "cml_email_request",
        "task_key": "extract_id",
        "automation_id": "extract_id_connector",
        "execution_mode": 1,
        "active": true,
        "updated_at": 1667815831013,
        "updated_by": "admin"
    },
    "cml_email_request-dp_secure_client": {
        "proc_def_key": "cml_email_request",
        "task_key": "dp_secure_client",
        "automation_id": "dp_secure_client_connector",
        "execution_mode": 1,
        "active": true,
        "updated_at": 1667815831023,
        "updated_by": "admin"
    },
    "cml_email_request-dp_secure_server": {
        "proc_def_key": "cml_email_request",
        "task_key": "dp_secure_server",
        "automation_id": "dp_secure_server_connector",
        "execution_mode": 1,
        "active": true,
        "updated_at": 1667815831031,
        "updated_by": "admin"
    },
    "cml_email_request-incorrect_dp_notification": {
        "proc_def_key": "cml_email_request",
        "task_key": "incorrect_dp_notification",
        "automation_id": "incorrect_dp_mail",
        "execution_mode": 1,
        "active": true,
        "updated_at": 1667815831040,
        "updated_by": "admin"
    },
    "cml_email_request-successful_cml_mail": {
        "proc_def_key": "cml_email_request",
        "task_key": "successful_cml_mail",
        "automation_id": "successful_cml",
        "execution_mode": 1,
        "active": true,
        "updated_at": 1667815831049,
        "updated_by": "admin"
    },
    "cml_email_request-start_event": {
        "proc_def_key": "cml_email_request",
        "task_key": "start_event",
        "automation_id": "cml_read_email",
        "execution_mode": 2,
        "active": true,
        "updated_at": 1667815831057,
        "updated_by": "admin"
    }
}