{
    "trading_no": {
        "name": "Trading Number",
        "type": 1,
        "active": true,
        "config_dat": {},
        "updated_at": 1644561315934,
        "updated_by": "admin"
    },
    "dp_no": {
        "name": "DP Number",
        "type": 1,
        "active": true,
        "config_dat": {},
        "updated_at": 1644563035772,
        "updated_by": "admin"
    },
    "is_trading": {
        "name": "Trading Number Available",
        "type": 4,
        "active": true,
        "config_dat": {},
        "updated_at": 1644563800743,
        "updated_by": "admin"
    },
    "is_dp": {
        "name": "DP Number Available",
        "type": 4,
        "active": true,
        "config_dat": {},
        "updated_at": 1644563820387,
        "updated_by": "admin"
    },
    "incorrect_dp_no": {
        "name": "Incorrect DP Number",
        "type": 4,
        "active": true,
        "config_dat": {},
        "updated_at": 1644813523731,
        "updated_by": "admin"
    },
    "trading_filter": {
        "name": "Trading Filter",
        "type": 1,
        "is_list": false,
        "active": true,
        "config_dat": {},
        "updated_at": 1645770794114,
        "updated_by": "admin"
    },
    "dp_filter": {
        "name": "DP Filter",
        "type": 1,
        "active": true,
        "config_dat": {},
        "updated_at": 1645770829648,
        "updated_by": "admin"
    },
    "client_filter": {
        "name": "Client Filter",
        "type": 1,
        "active": true,
        "config_dat": {},
        "updated_at": 1645770849676,
        "updated_by": "admin"
    },
    "subject_filter": {
        "name": "Subject Filter",
        "type": 1,
        "active": true,
        "config_dat": {},
        "updated_at": 1651657868550,
        "updated_by": "admin"
    },
    "email_msg_filter": {
        "name": "Email Message Filter",
        "type": 1,
        "active": true,
        "config_dat": {},
        "updated_at": 1651658671244,
        "updated_by": "admin"
    },
    "stop_cml_bot": {
        "name": "Stop CML Bot",
        "type": 4,
        "active": true,
        "config_dat": {},
        "updated_at": 1656418694174,
        "updated_by": "admin"
    }
}