{
    "cml_email_account": {
        "type": 1,
        "name": "CML EMail Account",
        "config_dat": {
            "user": "dpops@hdfcsec.com",
            "password": "Hsl@8888",
            "tls": false,
            "ssl": false,
            "incoming_server": {
                "host": "10.176.4.16",
                "port": 143,
                "protocol": "imap",
                "mail_box": "CML"
            },
            "outgoing_server": {
                "host": "10.176.4.16",
                "port": 25
            },
            "password_hidden": "Hsl@7777"
        },
        "active": true,
        "updated_at": 1667545679560,
        "updated_by": "admin"
    },
    "incorrect_dp_template": {
        "config_dat": {
            "html_email": true,
            "body_template": "hdfc-cml.html",
            "body_type": "mailgen",
            "body": {
                "greeting": "Dear",
                "recipient_name": "Sir/Mam",
                "intro": [
                    {
                        "value": "Trading ID/DP account number is not available with HSL DP. Kindly check the number shared."
                    },
                    {
                        "value": "Please note that as a process, we email a soft copy of CML to the registered email ID after Demat Account is activated."
                    }
                ],
                "signature": "Regards,<br /><br /> DP Operations Team <br /> HDFC Securities Limited <br /> I Think Techno Campus, <br /> Building - B, \"Alpha\", Office Floor 8, <br /> Near Kanjurmarg Station, Opp. Crompton Greaves, <br /> Kanjurmarg (East), Mumbai 400 042 <br /> 022-30753560/3522/3555"
            }
        },
        "type": 2,
        "name": "Incorrect DP/Trading Mail Template",
        "active": true,
        "updated_at": 1645007789103,
        "updated_by": "admin"
    },
    "success_cml_template": {
        "config_dat": {
            "html_email": true,
            "body_template": "hdfc-cml.html",
            "body_type": "mailgen",
            "body": {
                "greeting": "Dear",
                "recipient_name": "Sir/Mam",
                "intro": [
                    {
                        "value": "Digitally signed CML copy is sent to the registered email ID."
                    },
                    {
                        "value": "Please note that as a process, we email a soft copy of CML to the registered email ID after Demat Account is activated."
                    }
                ],
                "signature": "Regards,<br /><br /> DP Operations Team <br /> HDFC Securities Limited <br /> I Think Techno Campus, <br /> Building - B, \"Alpha\", Office Floor 8, <br /> Near Kanjurmarg Station, Opp. Crompton Greaves, <br /> Kanjurmarg (East), Mumbai 400 042 <br /> 022-30753560/3522/3555"
            }
        },
        "type": 2,
        "name": "Success CML Template",
        "active": true,
        "updated_at": 1645011925465,
        "updated_by": "admin"
    },
    "cml_exception_mail_template": {
        "config_dat": {
            "cc_email": "mansi.phuria@featsystems.com",
            "email_subject": "New {{task_key}} task {{orig_buss_id}} for process {{process_key}} has been created.",
            "html_email": true,
            "body_template": "hdfc-cml_exception.html",
            "body_type": "mailgen",
            "body": {
                "greeting": "Hello",
                "recipient_name": "All",
                "intro": [
                    {
                        "value": "An error has occurred in Auto Email CML Request process. Please login into Actionabl to see details"
                    }
                ],
                "signature": "Regards,<br /> Team Actionabl",
                "dictionary": "{{error_message}}"
            }
        },
        "type": 2,
        "name": "CML Exception Mail Template",
        "active": true,
        "updated_at": 1664262613275,
        "updated_by": "admin"
    }
}