{
    "exchange_files_receipt_bse-initial_status": {
        "automation_id": 6001,
        "proc_def_key": "exchange_files_receipt_bse",
        "task_key": "initial_status",
        "execution_mode": 1,
        "active": true,
        "updated_at": 1642503473077,
        "updated_by": "admin",
        "disabled": false
    },
    "exchange_files_receipt_bse-rpa_task": {
        "automation_id": 6002,
        "proc_def_key": "exchange_files_receipt_bse",
        "task_key": "rpa_task",
        "execution_mode": 1,
        "active": true,
        "updated_at": 1642503477059,
        "updated_by": "admin",
        "disabled": false
    },
    "exchange_files_receipt_bse_member-initial_status": {
        "automation_id": 6011,
        "proc_def_key": "exchange_files_receipt_bse_member",
        "task_key": "initial_status",
        "execution_mode": 1,
        "active": true,
        "updated_at": 978287400000,
        "updated_by": "actionabl"
    },
    "exchange_files_receipt_bse_member-rpa_task": {
        "automation_id": 6012,
        "proc_def_key": "exchange_files_receipt_bse_member",
        "task_key": "rpa_task",
        "execution_mode": 1,
        "active": true,
        "updated_at": 978287400000,
        "updated_by": "actionabl"
    },
    "exchange_files_receipt_nse_member_login1-initial_status": {
        "automation_id": 6021,
        "proc_def_key": "exchange_files_receipt_nse_member_login1",
        "task_key": "initial_status",
        "execution_mode": 1,
        "active": true,
        "updated_at": 978287400000,
        "updated_by": "actionabl"
    },
    "exchange_files_receipt_nse_member_login1-rpa_task": {
        "automation_id": 6022,
        "proc_def_key": "exchange_files_receipt_nse_member_login1",
        "task_key": "rpa_task",
        "execution_mode": 1,
        "active": true,
        "updated_at": 978287400000,
        "updated_by": "actionabl"
    },
    "exchange_files_receipt_nse_member_login2-initial_status": {
        "automation_id": 6031,
        "proc_def_key": "exchange_files_receipt_nse_member_login2",
        "task_key": "initial_status",
        "execution_mode": 1,
        "active": true,
        "updated_at": 978287400000,
        "updated_by": "actionabl"
    },
    "exchange_files_receipt_nse_member_login2-rpa_task": {
        "automation_id": 6032,
        "proc_def_key": "exchange_files_receipt_nse_member_login2",
        "task_key": "rpa_task",
        "execution_mode": 1,
        "active": true,
        "updated_at": 978287400000,
        "updated_by": "actionabl"
    },
    "exchange_files_receipt_nse_member_login3-initial_status": {
        "automation_id": 6041,
        "proc_def_key": "exchange_files_receipt_nse_member_login3",
        "task_key": "initial_status",
        "execution_mode": 1,
        "active": true,
        "updated_at": 978287400000,
        "updated_by": "actionabl"
    },
    "exchange_files_receipt_nse_member_login3-rpa_task": {
        "automation_id": 6042,
        "proc_def_key": "exchange_files_receipt_nse_member_login3",
        "task_key": "rpa_task",
        "execution_mode": 1,
        "active": true,
        "updated_at": 978287400000,
        "updated_by": "actionabl"
    },
    "exchange_files_receipt_nse_allReports-initial_status": {
        "automation_id": 6051,
        "proc_def_key": "exchange_files_receipt_nse_allReports",
        "task_key": "initial_status",
        "execution_mode": 1,
        "active": true,
        "updated_at": 978287400000,
        "updated_by": "actionabl"
    },
    "exchange_files_receipt_nse_allReports-rpa_task": {
        "automation_id": 6052,
        "proc_def_key": "exchange_files_receipt_nse_allReports",
        "task_key": "rpa_task",
        "execution_mode": 1,
        "active": true,
        "updated_at": 978287400000,
        "updated_by": "actionabl"
    },
    "exchange_files_receipt_mcx-initial_status": {
        "automation_id": 6061,
        "proc_def_key": "exchange_files_receipt_mcx",
        "task_key": "initial_status",
        "execution_mode": 1,
        "active": true,
        "updated_at": 978287400000,
        "updated_by": "actionabl"
    },
    "exchange_files_receipt_mcx-rpa_task": {
        "automation_id": 6062,
        "proc_def_key": "exchange_files_receipt_mcx",
        "task_key": "rpa_task",
        "execution_mode": 1,
        "active": true,
        "updated_at": 978287400000,
        "updated_by": "actionabl"
    },
    "exchange_files_receipt_bse-start_event": {
        "automation_id": "cron",
        "proc_def_key": "exchange_files_receipt_bse",
        "task_key": "start_event",
        "execution_mode": 2,
        "active": true,
        "updated_at": 1642784861923,
        "updated_by": "admin",
        "cron_schedule": "cron_bse_bhavcopy",
        "run_interval": "min",
        "interval_period": 2
    },
    "exchange_files_receipt_bse_member-start_event": {
        "automation_id": "cron",
        "proc_def_key": "exchange_files_receipt_bse_member",
        "task_key": "start_event",
        "execution_mode": 2,
        "active": true,
        "updated_at": 1642786082343,
        "updated_by": "admin",
        "run_interval": "min",
        "interval_period": 1,
        "cron_schedule": "cron_bse_member",
        "disabled": false
    },
    "exchange_files_receipt_mcx-start_event": {
        "automation_id": "cron",
        "proc_def_key": "exchange_files_receipt_mcx",
        "task_key": "start_event",
        "execution_mode": 2,
        "active": true,
        "run_interval": "min",
        "interval_period": 1,
        "cron_schedule": "cron_mcx",
        "updated_at": 1642784935806,
        "updated_by": "admin",
        "disabled": true
    },
    "exchange_files_receipt_nse_allReports-start_event": {
        "automation_id": "cron",
        "proc_def_key": "exchange_files_receipt_nse_allReports",
        "task_key": "start_event",
        "execution_mode": 2,
        "active": true,
        "run_interval": "min",
        "interval_period": 1,
        "cron_schedule": "cron_nse_all_reports",
        "updated_at": 1642501872844,
        "updated_by": "admin"
    },
    "exchange_files_receipt_nse_member_login1-start_event": {
        "automation_id": "cron",
        "proc_def_key": "exchange_files_receipt_nse_member_login1",
        "task_key": "start_event",
        "execution_mode": 2,
        "active": true,
        "run_interval": "min",
        "interval_period": 1,
        "cron_schedule": "cron_nse_login1",
        "updated_at": 1642784931895,
        "updated_by": "admin",
        "disabled": true
    },
    "exchange_files_receipt_nse_member_login2-start_event": {
        "automation_id": "cron",
        "proc_def_key": "exchange_files_receipt_nse_member_login2",
        "task_key": "start_event",
        "execution_mode": 2,
        "active": true,
        "run_interval": "min",
        "interval_period": 1,
        "cron_schedule": "cron_nse_login2",
        "updated_at": 1642501898965,
        "updated_by": "admin"
    },
    "exchange_files_receipt_nse_member_login3-start_event": {
        "automation_id": "cron",
        "proc_def_key": "exchange_files_receipt_nse_member_login3",
        "task_key": "start_event",
        "execution_mode": 2,
        "active": true,
        "run_interval": "min",
        "interval_period": 1,
        "cron_schedule": "cron_nse_login3",
        "updated_at": 1642501910959,
        "updated_by": "admin"
    },
    "send_notification": {
        "automation_id": "send_notification",
        "proc_def_key": "*",
        "task_key": "*",
        "execution_mode": 1,
        "active": true,
        "updated_at": 1643041808877,
        "updated_by": "admin",
        "disabled": false
    },
    "efr-start_event": {
        "automation_id": "cron",
        "proc_def_key": "efr",
        "task_key": "start_event",
        "execution_mode": 2,
        "active": true,
        "run_interval": "min",
        "interval_period": 15,
        "updated_at": 1646228381344,
        "updated_by": "admin",
        "cron_schedule": "cron_auto_sms_and_email",
        "disabled": false
    },
    "efr-bse_initial_status": {
        "automation_id": 6001,
        "proc_def_key": "efr",
        "task_key": "bse_initial_status",
        "execution_mode": 1,
        "active": true,
        "updated_at": 1643041665689,
        "updated_by": "admin"
    },
    "efr-bse_rpa_task": {
        "automation_id": 6002,
        "proc_def_key": "efr",
        "task_key": "bse_rpa_task",
        "execution_mode": 1,
        "active": true,
        "updated_at": 1643041740893,
        "updated_by": "admin"
    },
    "efr-bse_member_initial_status": {
        "automation_id": 6011,
        "proc_def_key": "efr",
        "task_key": "bse_member_initial_status",
        "execution_mode": 1,
        "active": true,
        "updated_at": 1643041912051,
        "updated_by": "admin"
    },
    "efr-bse_member_rpa_task": {
        "automation_id": 6012,
        "proc_def_key": "efr",
        "task_key": "bse_member_rpa_task",
        "execution_mode": 1,
        "active": true,
        "updated_at": 1643042477940,
        "updated_by": "admin"
    },
    "efr-mcx_initial_status": {
        "automation_id": 6061,
        "proc_def_key": "efr",
        "task_key": "mcx_initial_status",
        "execution_mode": 1,
        "active": true,
        "updated_at": 1643043756626,
        "updated_by": "admin"
    },
    "efr-mcx_rpa_task": {
        "automation_id": 6062,
        "proc_def_key": "efr",
        "task_key": "mcx_rpa_task",
        "execution_mode": 1,
        "active": true,
        "updated_at": 1643043804810,
        "updated_by": "admin"
    },
    "efr-nse_all_reports_initial_status": {
        "automation_id": 6051,
        "proc_def_key": "efr",
        "task_key": "nse_all_reports_initial_status",
        "execution_mode": 1,
        "active": true,
        "updated_at": 1643044579482,
        "updated_by": "admin"
    },
    "efr-nse_all_reports_rpa_task": {
        "automation_id": 6052,
        "proc_def_key": "efr",
        "task_key": "nse_all_reports_rpa_task",
        "execution_mode": 1,
        "active": true,
        "updated_at": 1643044636407,
        "updated_by": "admin"
    },
    "efr-nse_login1_initial_status": {
        "automation_id": 6021,
        "proc_def_key": "efr",
        "task_key": "nse_login1_initial_status",
        "execution_mode": 1,
        "active": true,
        "updated_at": 1643046951355,
        "updated_by": "admin"
    },
    "efr-nse_login1_rpa_task": {
        "automation_id": 6022,
        "proc_def_key": "efr",
        "task_key": "nse_login1_rpa_task",
        "execution_mode": 1,
        "active": true,
        "updated_at": 1643046999668,
        "updated_by": "admin"
    },
    "efr-nse_login2_initial_status": {
        "automation_id": 6031,
        "proc_def_key": "efr",
        "task_key": "nse_login2_initial_status",
        "execution_mode": 1,
        "active": true,
        "updated_at": 1643048156711,
        "updated_by": "admin"
    },
    "efr-nse_login2_rpa_task": {
        "automation_id": 6032,
        "proc_def_key": "efr",
        "task_key": "nse_login2_rpa_task",
        "execution_mode": 1,
        "active": true,
        "updated_at": 1643048197033,
        "updated_by": "admin"
    },
    "efr-nse_login3_initial_status": {
        "automation_id": 6041,
        "proc_def_key": "efr",
        "task_key": "nse_login3_initial_status",
        "execution_mode": 1,
        "active": true,
        "updated_at": 1643048867669,
        "updated_by": "admin"
    },
    "efr-nse_login3_rpa_task": {
        "automation_id": 6042,
        "proc_def_key": "efr",
        "task_key": "nse_login3_rpa_task",
        "execution_mode": 1,
        "active": true,
        "updated_at": 1643048925034,
        "updated_by": "admin"
    },
    "efr-bse_send_notification": {
        "schedule_type": "process",
        "proc_def_key": "efr",
        "task_key": "bse_send_notification",
        "automation_id": "send_notification",
        "execution_mode": 1,
        "active": true,
        "updated_at": 1679314556693,
        "updated_by": "keval"
    },
    "efr-nse_all_reports_send_notification": {
        "schedule_type": "process",
        "proc_def_key": "efr",
        "task_key": "nse_all_reports_send_notification",
        "automation_id": "send_notification",
        "execution_mode": 1,
        "active": true,
        "updated_at": 1679314556705,
        "updated_by": "keval"
    },
    "efr-mcx_send_notification": {
        "schedule_type": "process",
        "proc_def_key": "efr",
        "task_key": "mcx_send_notification",
        "automation_id": "send_notification",
        "execution_mode": 1,
        "active": true,
        "updated_at": 1679314556718,
        "updated_by": "keval"
    },
    "efr-nse_login1_send_notification": {
        "schedule_type": "process",
        "proc_def_key": "efr",
        "task_key": "nse_login1_send_notification",
        "automation_id": "send_notification",
        "execution_mode": 1,
        "active": true,
        "updated_at": 1679314556729,
        "updated_by": "keval"
    },
    "efr-nse_login2_send_notification": {
        "schedule_type": "process",
        "proc_def_key": "efr",
        "task_key": "nse_login2_send_notification",
        "automation_id": "send_notification",
        "execution_mode": 1,
        "active": true,
        "updated_at": 1679314556740,
        "updated_by": "keval"
    },
    "efr-nse_login3_send_notification": {
        "schedule_type": "process",
        "proc_def_key": "efr",
        "task_key": "nse_login3_send_notification",
        "automation_id": "send_notification",
        "execution_mode": 1,
        "active": true,
        "updated_at": 1679314556751,
        "updated_by": "keval"
    },
    "efr-bse_member_send_notification": {
        "schedule_type": "process",
        "proc_def_key": "efr",
        "task_key": "bse_member_send_notification",
        "automation_id": "send_notification",
        "execution_mode": 1,
        "active": true,
        "updated_at": 1679314556767,
        "updated_by": "keval"
    },
    "btbh_upload_process-dmn": {
        "schedule_type": "process",
        "proc_def_key": "btbh_upload_process",
        "task_key": "*",
        "automation_id": "dmn",
        "execution_mode": 1,
        "active": true,
        "updated_at": 1679999112445,
        "updated_by": "keval"
    }
}