{
    "6001": {
        "category": 5,
        "type": "actionabl_rpa",
        "name": "EFR BSE Initial Status",
        "config_dat": {
            "script_type": "4",
            "script_name": "custom/efr_initial_status.js",
            "script_params": {
                "category": {
                    "type": 1,
                    "value": "bse"
                }
            }
        },
        "active": true,
        "updated_at": 978287400000,
        "updated_by": "actionabl"
    },
    "6002": {
        "category": 5,
        "type": "actionabl_rpa",
        "name": "EFR BSE Bhavcopy",
        "config_dat": {
            "script_type": 1,
            "script_name": "Web/rule/efr_bse_bhavcopy.js",
            "script_params": {},
            "app_path": "https://www.bseindia.com/markets/MarketInfo/BhavCopy.aspx",
            "browser_params": {
                "browser_type": "firefox",
                "headless": true,
                "store_state": false
            },
            "app_user": "admin",
            "app_password": "act"
        },
        "active": true,
        "updated_at": 1643135641167,
        "updated_by": "admin",
        "retry_count": 3
    },
    "6011": {
        "category": 5,
        "type": "actionabl_rpa",
        "name": "EFR BSE Member Initial Status",
        "config_dat": {
            "script_type": 4,
            "script_name": "custom/efr_initial_status.js",
            "app_user": "admin",
            "app_password": "act",
            "script_params": {
                "category": {
                    "type": 1,
                    "value": "bse_member"
                }
            }
        },
        "active": true,
        "updated_at": 1642660078981,
        "updated_by": "admin"
    },
    "6012": {
        "category": 5,
        "type": "actionabl_rpa",
        "name": "EFR BSE Member",
        "config_dat": {
            "script_type": 1,
            "script_name": "Web/rule/efr_bse_member.js",
            "app_path": "https://member.bseindia.com/",
            "browser_params": {
                "browser_type": "firefox",
                "headless": false
            },
            "app_user": "admin",
            "app_password": "act",
            "script_params": {
                "userId": {
                    "type": 1,
                    "value": "0393"
                },
                "memberId": {
                    "type": 1,
                    "value": "0393"
                },
                "password": {
                    "type": 1,
                    "value": "Hdfc@1111"
                }
            }
        },
        "active": true,
        "updated_at": 1646262896926,
        "updated_by": "admin",
        "retry_count": 1
    },
    "6021": {
        "category": 5,
        "type": "actionabl_rpa",
        "name": "EFR NSE Member Login1 Initial Status",
        "config_dat": {
            "script_type": 4,
            "script_name": "custom/efr_initial_status.js",
            "app_user": "admin",
            "app_password": "act",
            "script_params": {
                "category": {
                    "type": 1,
                    "value": "nse_member_login1"
                }
            }
        },
        "active": true,
        "updated_at": 1642660522873,
        "updated_by": "admin"
    },
    "6022": {
        "category": 5,
        "type": "actionabl_rpa",
        "name": "EFR NSE Member Login1",
        "config_dat": {
            "script_type": 1,
            "script_name": "Web/rule/efr_nse_member_login1.js",
            "app_user": "admin",
            "app_password": "act",
            "browser_params": {
                "browser_type": "firefox",
                "store_state": false,
                "headless": false
            },
            "script_params": {
                "userId1": {
                    "type": 1,
                    "value": "ROHITGEXC"
                },
                "memberId1": {
                    "type": 1,
                    "value": 11094
                },
                "password1": {
                    "type": 1,
                    "value": "Hdfc@12345678"
                }
            },
            "app_path": "https://ims.connect2nsccl.com/MemberPortal/",
            "app_password_hidden": "act"
        },
        "active": true,
        "updated_at": 1680754321569,
        "updated_by": "keval",
        "retry_count": 3
    },
    "6031": {
        "category": 5,
        "type": "actionabl_rpa",
        "name": "EFR NSE Member Login2 Initial Status",
        "config_dat": {
            "script_type": 4,
            "script_name": "custom/efr_initial_status.js",
            "app_user": "admin",
            "app_password": "act",
            "script_params": {
                "category": {
                    "type": 1,
                    "value": "nse_member_login2"
                }
            }
        },
        "active": true,
        "updated_at": 1642661030437,
        "updated_by": "admin"
    },
    "6032": {
        "category": 5,
        "type": "actionabl_rpa",
        "name": "EFR NSE Member Login2",
        "config_dat": {
            "script_type": 1,
            "script_name": "Web/rule/efr_nse_member_login2.js",
            "app_path": "https://ims.connect2nsccl.com/MemberPortal/",
            "browser_params": {
                "browser_type": "firefox",
                "store_state": true,
                "headless": false
            },
            "app_user": "admin",
            "app_password": "act",
            "script_params": {
                "userId2": {
                    "type": 1,
                    "value": "ROHITGEXF"
                },
                "memberId2": {
                    "type": 1,
                    "value": 11094
                },
                "password2": {
                    "type": 1,
                    "value": "Hdfcsec@2222"
                }
            }
        },
        "active": true,
        "updated_at": 1646317643666,
        "updated_by": "admin",
        "retry_count": 3
    },
    "6041": {
        "category": 5,
        "type": "actionabl_rpa",
        "name": "EFR NSE Member Login3 Initial Status",
        "config_dat": {
            "script_type": 4,
            "script_name": "custom/efr_initial_status.js",
            "app_user": "admin",
            "app_password": "act",
            "script_params": {
                "category": {
                    "type": 1,
                    "value": "nse_member_login3"
                }
            }
        },
        "active": true,
        "updated_at": 1642661325060,
        "updated_by": "admin"
    },
    "6042": {
        "category": 5,
        "type": "actionabl_rpa",
        "name": "EFR NSE Member Login3",
        "config_dat": {
            "script_type": 1,
            "script_name": "Web/rule/efr_nse_member_login3.js",
            "app_path": "https://ims.connect2nsccl.com/MemberPortal/",
            "browser_params": {
                "browser_type": "firefox",
                "store_state": true,
                "headless": false
            },
            "app_user": "admin",
            "app_password": "act",
            "script_params": {
                "userId3": {
                    "type": 1,
                    "value": "ROHITGEXX"
                },
                "memberId3": {
                    "type": 1,
                    "value": 11094
                },
                "password3": {
                    "type": 1,
                    "value": "Hdf@1234"
                }
            }
        },
        "active": true,
        "updated_at": 1646317629969,
        "updated_by": "admin",
        "retry_count": 3
    },
    "6051": {
        "category": 5,
        "type": "actionabl_rpa",
        "name": "EFR NSE All Reports Initial Status",
        "config_dat": {
            "script_type": 4,
            "script_name": "custom/efr_initial_status.js",
            "app_user": "admin",
            "app_password": "act",
            "script_params": {
                "category": {
                    "type": 1,
                    "value": "nse_allReports"
                }
            }
        },
        "active": true,
        "updated_at": 1642661637654,
        "updated_by": "admin"
    },
    "6052": {
        "category": 5,
        "type": "actionabl_rpa",
        "name": "EFR NSE All Reports",
        "config_dat": {
            "script_type": 1,
            "script_name": "Web/rule/efr_nse_allReports.js",
            "app_path": "https://www.nseindia.com/all-reports",
            "app_user": "admin",
            "app_password": "act",
            "browser_params": {
                "browser_type": "firefox",
                "headless": true
            },
            "script_params": {}
        },
        "active": true,
        "updated_at": 1643135730279,
        "updated_by": "admin",
        "retry_count": 3
    },
    "6061": {
        "category": 5,
        "type": "actionabl_rpa",
        "name": "EFR MCX Initial Status",
        "config_dat": {
            "script_type": 4,
            "script_name": "custom/efr_initial_status.js",
            "app_user": "admin",
            "app_password": "act",
            "script_params": {
                "category": {
                    "type": 1,
                    "value": "mcx"
                }
            }
        },
        "active": true,
        "updated_at": 1642661780057,
        "updated_by": "admin"
    },
    "6062": {
        "category": 5,
        "type": "actionabl_rpa",
        "name": "EFR MCX",
        "config_dat": {
            "script_type": 1,
            "script_name": "Web/rule/efr_mcx.js",
            "app_path": "https://sftp.mcxindia.com/",
            "app_user": "admin",
            "app_password": "act",
            "browser_params": {
                "browser_type": "firefox",
                "headless": false
            },
            "script_params": {
                "userId": {
                    "type": 1,
                    "value": 56015
                },
                "password": {
                    "type": 1,
                    "value": "Risk@7777"
                }
            }
        },
        "active": true,
        "updated_at": 1646835574408,
        "updated_by": "admin",
        "retry_count": 3
    },
    "send_notification": {
        "category": 5,
        "type": "actionabl_rpa",
        "name": "Send Notification",
        "active": true,
        "retry_count": 1,
        "config_dat": {
            "script_type": 4,
            "script_name": "custom/send_notification.js"
        },
        "updated_at": 1642568912535,
        "updated_by": "admin"
    }
}