{
    "cron_bse_bhavcopy": {
        "name": "Cron BSE Bhavcopy",
        "active": true,
        "time_slot": "min",
        "slot_period": 15,
        "cron_config": [
            {
                "cron_expression": "* * * * 1-5",
                "start_time": 1642768200633,
                "end_time": 1642788000179
            }
        ],
        "updated_at": 1642784838138,
        "updated_by": "admin"
    },
    "cron_bse_member": {
        "name": "Cron BSE Member",
        "active": true,
        "time_slot": "min",
        "slot_period": 1,
        "cron_config": [
            {
                "cron_expression": "* * * * 1-5",
                "start_time": 1642768200668,
                "end_time": 1642788000529
            }
        ],
        "updated_at": 1642786076740,
        "updated_by": "admin"
    },
    "cron_mcx": {
        "name": "Crom MCX",
        "active": true,
        "time_slot": "min",
        "slot_period": 1,
        "cron_config": [
            {
                "cron_expression": "* * * * 1-5"
            }
        ],
        "updated_at": 1642501621368,
        "updated_by": "admin"
    },
    "cron_nse_all_reports": {
        "name": "Cron NSE All Reports",
        "active": true,
        "time_slot": "min",
        "slot_period": 1,
        "cron_config": [
            {
                "cron_expression": "* * * * 1-5"
            }
        ],
        "updated_at": 1642501672819,
        "updated_by": "admin"
    },
    "cron_nse_login1": {
        "name": "Cron NSE Login 1",
        "active": true,
        "time_slot": "min",
        "slot_period": 1,
        "cron_config": [
            {
                "cron_expression": "* * * * 1-5"
            }
        ],
        "updated_at": 1642501735947,
        "updated_by": "admin"
    },
    "cron_nse_login2": {
        "name": "Cron NSE Login2",
        "active": true,
        "time_slot": "min",
        "slot_period": 1,
        "cron_config": [
            {
                "cron_expression": "* * * * 1-5"
            }
        ],
        "updated_at": 1642501780834,
        "updated_by": "admin"
    },
    "cron_nse_login3": {
        "name": "Cron NSE Login3",
        "active": true,
        "time_slot": "min",
        "slot_period": 1,
        "cron_config": [
            {
                "cron_expression": "* * * * 1-5"
            }
        ],
        "updated_at": 1642501822630,
        "updated_by": "admin"
    },
    "cron_auto_sms_and_email": {
        "name": "Cron Auto SMS and Email",
        "active": true,
        "updated_at": 1643976521790,
        "updated_by": "admin",
        "cron_config": [
            {
                "start_time": 1643135400395,
                "end_time": 1643157900582,
                "cron_expression": "* * * * 2-6"
            },
            {
                "start_time": 1643166000908,
                "end_time": 1643196600532,
                "cron_expression": "* * * * 1-5"
            },
            {
                "start_time": 1643889600720,
                "end_time": 1643912940473,
                "cron_expression": "* * * * 1-5"
            }
        ]
    }
}