{
    "test_current_datetime": {
        "name": "Test - Current Date Time",
        "type": "6",
        "config_dat": {},
        "active": true,
        "updated_at": 978287400000,
        "updated_by": "actionabl"
    },
    "efr_run_rpa": {
        "name": "EFR Run RPA ?",
        "type": "4",
        "config_dat": {},
        "active": true,
        "updated_at": 978287400000,
        "updated_by": "actionabl"
    },
    "efr_param_str": {
        "name": "EFR Parameter String",
        "type": "1",
        "config_dat": {},
        "active": true,
        "updated_at": 978287400000,
        "updated_by": "actionabl"
    },
    "efr_files": {
        "name": "EFR Files",
        "type": 8,
        "is_list": true,
        "active": true,
        "config_dat": [
            {
                "id": "message"
            }
        ],
        "updated_at": 1642527734885,
        "updated_by": "admin"
    }
}