{
  "181": {
    "type": 1,
    "name": "BTBH Email Account",
    "config_dat": {
      "user": "onlineops@hdfcsesc.com",
      "password": null,
      "incoming_server": {
        "host": "10.176.4.16",
        "port": 993,
        "protocol": "pop3",
        "ssl": false
      },
      "outgoing_server": {
        "host": "10.176.4.16",
        "port": 25,
        "ssl": false
      }
    },
    "active": true,
    "updated_at": 1645262393795,
    "updated_by": "admin"
  },
  "182": {
    "type": 2,
    "name": "DPC Team Mail",
    "config_dat": {
      "html_email": true,
      "body_type": "mailgen",
      "recipient_email": "harshad.malushte@hdfcsec.com",
      "cc_email": "talak.soni@hdfcsec.com",
      "email_subject": "Run Matrix EOD Process",
      "body": {
        "recipient_name": "All",
        "intro": [
          {
            "value": "Kindly proceed with Matrix EOD process"
          }
        ]
      }
    },
    "active": true,
    "updated_at": 978287400000,
    "updated_by": "actionabl"
  },
  "183": {
    "type": 2,
    "name": "Download Status Mail",
    "config_dat": {
      "recipient_email": "harshad.malushte@hdfcsec.com",
      "cc_email": "talak.soni@hdfcsec.com",
      "email_subject": "BTBH download status for {{data_format:dd-MM-yyyy}}",
      "html_email": true,
      "body_type": "mailgen",
      "body": {
        "recipient_name": "All",
        "intro": [
          {
            "value": "Please see below the BTBH download status for {{data_format:dd-MM-yyyy}}."
          }
        ],
        "outro": [
          {
            "value": "All files downloaded successfully? : {{download_complete}}"
          }
        ],
        "table": "{{btbh_files}}"
      }
    },
    "active": true,
    "updated_at": 978287400000,
    "updated_by": "actionabl"
  },
  "184": {
    "type": 2,
    "name": "Merchant Banking Status Mail",
    "config_dat": {
      "recipient_email": "harshad.malushte@hdfcsec.com",
      "cc_email": "talak.soni@hdfcsec.com",
      "email_subject": "Merchant Banking Receipt Entry",
      "html_email": true,
      "body_type": "mailgen",
      "body": {
        "recipient_name": "All",
        "intro": [
          {
            "value": "Today there was mismatch in Merchant Bank Reconciliation."
          },
          {
            "value": "Request you to please pass receipt entry for same as per attached detail"
          }
        ],
        "table": "{{mb_email_table}}"
      }
    },
    "active": true,
    "updated_at": 978287400000,
    "updated_by": "actionabl"
  },
  "185": {
    "type": 2,
    "name": "BTBH Upload Status Mail",
    "config_dat": {
      "recipient_email": "harshad.malushte@hdfcsec.com",
      "cc_email": "talak.soni@hdfcsec.com",
      "email_subject": "BTBH upload status for {{data_format:dd-MM-yyyy}}",
      "html_email": true,
      "body_type": "mailgen",
      "body": {
        "recipient_name": "All",
        "intro": [
          {
            "value": "Please see below the BTBH upload status for {{data_format:dd-MM-yyyy}}"
          }
        ],
        "outro": [
          {
            "value": "BT files uploaded successfully? : {{bt_upload_complete}}"
          },
          {
            "value": "BH files uploaded successfully? : {{bh_upload_complete}}}"
          }
        ]
      }
    },
    "active": true,
    "updated_at": 978287400000,
    "updated_by": "actionabl"
  },
  "efr_email_account": {
    "config_dat": {
      "user": "online@hdfcsec.com",
      "password": "Hsl@3333",
      "incoming_server": {
        "host": "10.176.4.16",
        "port": 993,
        "protocol": "pop3",
        "ssl": false
      },
      "outgoing_server": {
        "host": "10.176.4.16",
        "port": 25,
        "ssl": false
      }
    },
    "type": 1,
    "name": "EFR Email Account",
    "active": true,
    "updated_at": 1642516582435,
    "updated_by": "admin"
  },
  "efr_bse_member_file_status_mail": {
    "config_dat": {
      "recipient_email": "keval.juthani@actionabl.ai",
      "email_subject": "BSE Member file status for {{data_format:dd-MM-yyyy}}",
      "html_email": true,
      "body_type": "mailgen",
      "body": {
        "recipient_name": "All",
        "intro": [
          {
            "value": "Please see below the BSE Member file status for {{data_format:dd-MM-yyyy}}."
          }
        ],
        "table": "{{efr_files}}"
      },
      "component_config": "rc_2"
    },
    "type": 2,
    "name": "EFR BSE Member File Status Mail",
    "active": true,
    "updated_at": 1642519757501,
    "updated_by": "admin"
  },
  "efr_bse_bhavcopy_file_status_mail": {
    "config_dat": {
      "recipient_email": "keval.juthani@actionabl.ai",
      "email_subject": "BSE Bhavcopy file status for {{data_format:dd-MM-yyyy}}",
      "html_email": true,
      "body_type": "mailgen",
      "body": {
        "recipient_name": "All",
        "intro": [
          {
            "value": "Please see below the BSE Bhavcopy file status for {{data_format:dd-MM-yyyy}}."
          }
        ],
        "table": "{{efr_files}}"
      },
      "component_config": "rc_2"
    },
    "type": 2,
    "name": "EFR BSE Bhavcopy File Status Mail",
    "active": true,
    "updated_at": 1642528015307,
    "updated_by": "admin"
  },
  "efr_nse_all_reports_file_status_mail": {
    "config_dat": {
      "recipient_email": "keval.juthani@actionabl.ai",
      "email_subject": "NSE All Reports file status for {{data_format:dd-MM-yyyy}}",
      "html_email": true,
      "body_type": "mailgen",
      "body": {
        "recipient_name": "All",
        "intro": [
          {
            "value": "Please see below the NSE All Reports file status for {{data_format:dd-MM-yyyy}}."
          }
        ],
        "table": "{{efr_files}}"
      },
      "component_config": "rc_2"
    },
    "type": 2,
    "name": "EFR NSE All Reports File Status Mail",
    "active": true,
    "updated_at": 1642528128760,
    "updated_by": "admin"
  },
  "efr_mcx_file_status_mail": {
    "config_dat": {
      "recipient_email": "keval.juthani@actionabl.ai",
      "email_subject": "MCX file status for {{data_format:dd-MM-yyyy}}",
      "html_email": true,
      "body_type": "mailgen",
      "body": {
        "recipient_name": "All",
        "intro": [
          {
            "value": "Please see below the MCX file status for {{data_format:dd-MM-yyyy}}."
          }
        ],
        "table": "{{efr_files}}"
      },
      "component_config": "rc_2"
    },
    "type": 2,
    "name": "EFR MCX File Status Mail",
    "active": true,
    "updated_at": 1642528224738,
    "updated_by": "admin"
  },
  "efr_nse_login1_file_status_mail": {
    "config_dat": {
      "recipient_email": "keval.juthani@actionabl.ai",
      "email_subject": "NSE Login1 file status for {{data_format:dd-MM-yyyy}}",
      "html_email": true,
      "body_type": "mailgen",
      "body": {
        "recipient_name": "All",
        "intro": [
          {
            "value": "Please see below the NSE Login1 file status for {{data_format:dd-MM-yyyy}}."
          }
        ],
        "outro": [
          {
            "value": null
          }
        ],
        "table": "{{efr_files}}"
      },
      "component_config": "rc_2"
    },
    "type": 2,
    "name": "EFR NSE Login1 File Status Mail",
    "active": true,
    "updated_at": 1642528346140,
    "updated_by": "admin"
  },
  "efr_nse_login2_file_status_mail": {
    "config_dat": {
      "recipient_email": "keval.juthani@actionabl.ai",
      "email_subject": "NSE Login2 file status for {{data_format:dd-MM-yyyy}}",
      "html_email": true,
      "body_type": "mailgen",
      "body": {
        "recipient_name": "All",
        "intro": [
          {
            "value": "Please see below the NSE Login2 file status for {{data_format:dd-MM-yyyy}}."
          }
        ],
        "table": "{{efr_files}}"
      },
      "component_config": "rc_2"
    },
    "type": 2,
    "name": "EFR NSE Login2 File Status Mail",
    "active": true,
    "updated_at": 1642528429743,
    "updated_by": "admin"
  },
  "efr_nse_login3_file_status_mail": {
    "config_dat": {
      "recipient_email": "keval.juthani@actionabl.ai",
      "email_subject": "NSE Login3 file status for {{data_format:dd-MM-yyyy}}",
      "html_email": true,
      "body_type": "mailgen",
      "body": {
        "recipient_name": "All",
        "intro": [
          {
            "value": "Please see below the NSE Login3 file status for {{data_format:dd-MM-yyyy}}."
          }
        ],
        "table": "{{efr_files}}"
      },
      "component_config": "rc_2"
    },
    "type": 2,
    "name": "EFR NSE Login3 File Status Mail",
    "active": true,
    "updated_at": 1642528463617,
    "updated_by": "admin"
  }
}
