{
  "btbh_ipo_upload_process-tcs_bancs_login": {
    "automation_id": "tcs_bancs_login_connector",
    "proc_def_key": "btbh_ipo_upload_process",
    "task_key": "tcs_bancs_login",
    "execution_mode": 1,
    "active": true,
    "updated_at": 1643103312052,
    "updated_by": "keval"
  },
  "btbh_ipo_upload_process-bank_hold_release_file_upload": {
    "automation_id": "bank_hold_release_file_upload_connector",
    "proc_def_key": "btbh_ipo_upload_process",
    "task_key": "bank_hold_release_file_upload",
    "execution_mode": 1,
    "active": true,
    "updated_at": 1649739734727,
    "updated_by": "keval"
  },
  "btbh_ipo_upload_process-hold_reconciliation": {
    "automation_id": "hold_recon_connector",
    "proc_def_key": "btbh_ipo_upload_process",
    "task_key": "hold_reconciliation",
    "execution_mode": 1,
    "active": true,
    "updated_at": 1644216734865,
    "updated_by": "admin"
  },
  "btbh_ipo_upload_process-close_tcs_bancs": {
    "automation_id": "close_tcs_bancs_connector",
    "proc_def_key": "btbh_ipo_upload_process",
    "task_key": "close_tcs_bancs",
    "execution_mode": 1,
    "active": true,
    "updated_at": 1643785413333,
    "updated_by": "admin"
  },
  "btbh_ipo_upload_process-download_task": {
    "automation_id": "download_ipo_files",
    "proc_def_key": "btbh_ipo_upload_process",
    "task_key": "download_task",
    "execution_mode": 1,
    "active": true,
    "updated_at": 1643978338989,
    "updated_by": "admin"
  },
  "btbh_ipo_upload_process-send_download_status_mail": {
    "automation_id": "send_download_status_mail",
    "proc_def_key": "btbh_ipo_upload_process",
    "task_key": "send_download_status_mail",
    "execution_mode": 1,
    "active": true,
    "updated_at": 1644215958911,
    "updated_by": "admin"
  },
  "btbh_ipo_upload_process-folder_counter": {
    "automation_id": "folder_counter",
    "proc_def_key": "btbh_ipo_upload_process",
    "task_key": "folder_counter",
    "execution_mode": 1,
    "active": true,
    "updated_at": 1645336030419,
    "updated_by": "admin"
  },
  "btbh_ipo_upload_process-define_ipo_folder_name": {
    "automation_id": "define_ipo_folder_name_connector",
    "proc_def_key": "btbh_ipo_upload_process",
    "task_key": "define_ipo_folder_name",
    "execution_mode": 1,
    "active": true,
    "updated_at": 1645682219142,
    "updated_by": "admin"
  },
  "btbh_ipo_upload_process-cron_start": {
    "automation_id": "btbh_ipo_cron",
    "proc_def_key": "btbh_ipo_upload_process",
    "task_key": "cron_start",
    "execution_mode": 2,
    "active": true,
    "cron_schedule": "btbh_ipo_cron",
    "updated_at": 1646533264789,
    "updated_by": "admin",
    "disabled": false
  },
  "btbh_ipo_upload_process-send_bot_start_email": {
    "automation_id": "send_bot_start_email",
    "proc_def_key": "btbh_ipo_upload_process",
    "task_key": "send_bot_start_email",
    "execution_mode": 1,
    "active": true,
    "updated_at": 1647350568144,
    "updated_by": "admin"
  },
  "btbh_ipo_upload_process-send_bot_end_email": {
    "automation_id": "send_bot_end_email",
    "proc_def_key": "btbh_ipo_upload_process",
    "task_key": "send_bot_end_email",
    "execution_mode": 1,
    "active": true,
    "updated_at": 1647839384959,
    "updated_by": "admin"
  }
}
