{
    "bank_hold_release_file_upload_connector": {
        "category": 5,
        "type": "actionabl_rpa",
        "name": "Bank Hold/Release File Upload Connector",
        "active": true,
        "config_dat": {
            "script_type": 4,
            "script_name": "custom/BTBH IPO Upload Process/bank_hold_release_file_upload.js",
            "script_params": {}
        },
        "updated_at": 1643099345712,
        "updated_by": "keval"
    },
    "tcs_bancs_login_connector": {
        "category": 5,
        "type": "actionabl_rpa",
        "name": "TCS BANCS Login Connector",
        "active": true,
        "config_dat": {
            "script_type": 4, 
            "script_name": "custom/BTBH IPO Upload Process/tcs_bancs_login.js",
            "app_path": "C:\\Program Files (x86)\\TCS BaNCS Securities Trading\\TCS BaNCS IPO Admin - INDIA (IPO Admin)\\IPO Admin.exe",
            "app_user": 7,
            "app_password": "Apr@2022",
            "script_params": {
                "title": {
                    "type": 1,
                    "value": "IPO Admin"
                }
            }
        },
        "updated_at": 1644304059841,
        "updated_by": "admin"
    },
    "hold_recon_connector": {
        "category": 5,
        "type": "actionabl_rpa",
        "name": "Hold Reconciliation Connector",
        "active": true,
        "config_dat": {
            "script_type": 4,
            "script_name": "custom/BTBH IPO Upload Process/hold_recon.js",
            "script_params": {}
        },
        "updated_at": 1643099734945,
        "updated_by": "keval"
    },
    "close_tcs_bancs_connector": {
        "category": 5,
        "type": "actionabl_rpa",
        "name": "Close TCS BANCS Connector",
        "active": true,
        "config_dat": {
            "script_type": 4,
            "script_name": "custom/BTBH IPO Upload Process/close_tcs_bancs.js",
            "script_params": {}
        },
        "updated_at": 1643783231389,
        "updated_by": "admin"
    },
    "download_ipo_files": {
        "category": 5,
        "type": "actionabl_rpa",
        "name": "Download IPO Files",
        "active": true,
        "retry_count": 1,
        "config_dat": {
            "script_type": 1,
            "script_name": "Web/rule/ipo_file_download.js",
            "app_user": "admin",
            "app_password": "act",
            "script_params": {
                "cust_id": {
                    "type": 1,
                    "value": 74303162
                },
                "cust_password": {
                    "type": 1,
                    "value": "Hsl@1991"
                },
                "main_cust_id": {
                    "type": 1,
                    "value": 22650826
                },
                "main_cust_password": {
                    "type": 1,
                    "value": "IPO@9999"
                }
            },
            "app_path": "https://netbanking.hdfcbank.com/netbanking/",
            "browser_params": {
                "browser_type": "chromium"
            }
        },
        "updated_at": 1648555963110,
        "updated_by": "admin"
    },
    "send_download_status_mail": {
        "category": 7,
        "type": "send_email",
        "name": "Send Download Status Mail2",
        "active": true,
        "icon": "Email.svg",
        "icon_type": 2,
        "config_dat": {
            "email_account": 181,
            "email_template": 183,
            "email_type": 2
        },
        "updated_at": 1657609814004,
        "updated_by": "admin"
    },
    "folder_counter": {
        "category": 5,
        "type": "actionabl_rpa",
        "name": "Folder Counter",
        "active": true,
        "retry_count": 1,
        "config_dat": {
            "script_type": 4,
            "script_name": "custom/BTBH IPO Upload Process/folder_counter.js",
            "script_params": {}
        },
        "updated_at": 1645335227535,
        "updated_by": "admin"
    },
    "define_ipo_folder_name_connector": {
        "category": 5,
        "type": "actionabl_rpa",
        "name": "Define IPO Folder Name Connector",
        "active": true,
        "config_dat": {
            "script_type": 4,
            "script_name": "custom/BTBH IPO Upload Process/define_ipo_folder.js",
            "script_params": {}
        },
        "updated_at": 1645681899824,
        "updated_by": "admin"
    },
    "send_bot_start_email": {
        "category": 7,
        "type": "send_email",
        "name": "Send Bot Start Mail",
        "active": true,
        "icon": "Email.svg",
        "icon_type": 2,
        "updated_at": 1648024896460,
        "updated_by": "keval",
        "config_dat": {
            "email_account": 181,
            "email_template": "bot_start_email_template",
            "email_type": 2
        }
    },
    "send_exception_email": {
        "category": 7,
        "type": "send_email",
        "name": "Send Exception Email",
        "active": true,
        "retry_count": 1,
        "icon_type": 2,
        "config_dat": {
            "email_account": 181,
            "email_template": "send_exception_email_template",
            "email_type": 2
        },
        "updated_at": 1647350329916,
        "updated_by": "admin"
    },
    "send_bot_end_email": {
        "category": 7,
        "type": "send_email",
        "name": "Send Bot End Mail",
        "active": true,
        "icon": "Email.svg",
        "icon_type": 2,
        "updated_at": 1647839217941,
        "updated_by": "admin",
        "retry_count": 1,
        "config_dat": {
            "email_account": 181,
            "email_template": "bot_end_email_template",
            "email_type": 2
        }
    }
}