{
    "btbh_ipo_cron": {
        "name": "BTBH IPO Cron",
        "active": true,
        "updated_at": 1646535533955,
        "updated_by": "admin",
        "cron_config": [
            {
                "cron_expression": "* 8 * * *",
                "start_time": 1646188200793,
                "end_time": 1646188200678
            },
            {
                "cron_expression": "* 15 * * *",
                "start_time": 1646213400629,
                "end_time": 1646213400231
            }
        ]
    }
}