{
    "tcs_bancs_login_complete": {
        "name": "TCS BANCS Login Complete",
        "type": 4,
        "active": true,
        "config_dat": {},
        "updated_at": 1643101767717,
        "updated_by": "keval"
    },
    "bank_hold_release_file_upload_complete": {
        "name": "Bank Hold Release File Upload Complete",
        "type": 4,
        "active": true,
        "config_dat": {},
        "updated_at": 1643101822421,
        "updated_by": "keval"
    },
    "hold_recon_complete": {
        "name": "Hold Reconciliation Complete",
        "type": 4,
        "active": true,
        "config_dat": {},
        "updated_at": 1643101866416,
        "updated_by": "keval"
    },
    "skip_tcs_bancs_login": {
        "name": "Skip TCS BANCS Login",
        "type": 4,
        "active": true,
        "config_dat": {},
        "updated_at": 1643101909763,
        "updated_by": "keval"
    },
    "skip_bank_hold_release_file_upload": {
        "name": "Skip Bank Hold/Release File Upload",
        "type": 4,
        "active": true,
        "config_dat": {},
        "updated_at": 1643101946372,
        "updated_by": "keval"
    },
    "skip_hold_recon": {
        "name": "Skip Hold Reconciliation",
        "type": 4,
        "active": true,
        "config_dat": {},
        "updated_at": 1643101978518,
        "updated_by": "keval"
    },
    "skip_close_tcs_bancs": {
        "name": "Skip TCS BANCS",
        "type": 4,
        "active": true,
        "config_dat": {},
        "updated_at": 1643783295231,
        "updated_by": "admin"
    },
    "close_tcs_bancs_complete": {
        "name": "Close TCS BANCS Complete",
        "type": 4,
        "active": true,
        "config_dat": {},
        "updated_at": 1643783333426,
        "updated_by": "admin"
    },
    "ipo_run_date_time": {
        "name": "IPO Run Date Time",
        "type": 6,
        "active": true,
        "config_dat": {},
        "updated_at": 1644000340670,
        "updated_by": "admin"
    },
    "start_date": {
        "name": "Start Date",
        "type": 5,
        "active": true,
        "config_dat": {},
        "updated_at": 1644217749467,
        "updated_by": "admin"
    },
    "end_date": {
        "name": "End Date",
        "type": 5,
        "active": true,
        "config_dat": {},
        "updated_at": 1644217771642,
        "updated_by": "admin"
    },
    "main_folder": {
        "name": "Main Folder",
        "type": 1,
        "active": true,
        "config_dat": {},
        "updated_at": 1644217847983,
        "updated_by": "admin"
    },
    "download_complete": {
        "name": "Download Complete",
        "type": 4,
        "active": true,
        "config_dat": {},
        "updated_at": 1644217898947,
        "updated_by": "admin"
    },
    "btbh_files": {
        "name": "BTBH IPO Files",
        "type": 8,
        "active": true,
        "config_dat": [
            {
                "id": "file_name"
            },
            {
                "id": "file_status"
            },
            {
                "id": "message"
            }
        ],
        "updated_at": 1644224604427,
        "updated_by": "admin",
        "is_list": true
    },
    "folder_counter": {
        "name": "Folder Counter",
        "type": 2,
        "active": true,
        "config_dat": {},
        "updated_at": 1645335362740,
        "updated_by": "admin"
    },
    "btbh_ipo_folder_name": {
        "name": "BTBH IPO Folder Name",
        "type": 1,
        "active": true,
        "config_dat": {},
        "updated_at": 1645617447353,
        "updated_by": "admin"
    }
}