{
  "181": {
    "type": 1,
    "name": "BTBH IPO Email Account",
    "config_dat": {
      "user": "onlineops@hdfcsesc.com",
      "password": null,
		"incoming_server": {
        "host": "10.176.4.16",
        "port": 993,
        "protocol": "imap",
        "ssl": false
		},
		"outgoing_server": {
        "host": "10.176.4.16",
        "port": 25,
        "ssl": false
		}
    },
    "active": true,
    "updated_at": 978287400000,
    "updated_by": "actionabl"
  },
  "183": {
    "type": 2,
    "name": "Download Status Mail",
    "config_dat": {
        "recipient_email": "ipo.ops@hdfcsec.com;shyam.jadhav@hdfcsec.com;rohit.gangola@hdfcsec.com",
        "cc_email": "keval.juthani@actionabl.ai",
        "email_subject": "BTBH IPO download status for {{data_format:dd-MM-yyyy}}",
        "html_email": true,
        "body_type": "mailgen",
        "body_template": "hdfc-btbh-ipo.html",
        "body": {
            "greeting": "Hello",
            "recipient_name": "All",
            "signature": "Regards, <br />Team Actionabl",
            "table": "{{btbh_files}}",
            "intro": [
                {
                    "value": "Please see below the BTBH IPO download status for {{data_format:dd-MM-yyyy}}."
                }
            ],
            "outro": [
                {
                    "value": "All files downloaded successfully? : {{download_complete}}"
                }
            ]
        }
    },
    "active": true,
        "updated_at": 1648722966441,
        "updated_by": "admin"
    },
    "bot_start_email_template": {
        "config_dat": {
            "recipient_email": "ipo.ops@hdfcsec.com;shyam.jadhav@hdfcsec.com;rohit.gangola@hdfcsec.com",
            "cc_email": "keval.juthani@actionabl.ai",
            "email_subject": "BTBH IPO Bot Started",
            "html_email": true,
            "body_type": "mailgen",
            "body_template": "hdfc-btbh-ipo.html",
            "body": {
                "greeting": "Hello",
                "recipient_name": "All",
                "intro": [
                    {
                        "value": "BTBH IPO upload process has been started."
                    }
                ],
                "signature": "Regards, <br /> Team Actionabl"
            }
        },
        "type": 2,
        "name": "Bot Start Email Template",
        "active": true,
        "updated_at": 1648024673399,
        "updated_by": "keval"
    },
    "send_exception_email_template": {
        "config_dat": {
            "email_subject": "New {{task_key}} task {{orig_buss_id}} for process {{process_key}} has been created.",
            "cc_email": "keval.juthani@actionabl.ai",
            "html_email": true,
            "body_type": "mailgen",
            "body_template": "hdfc-btbh-ipo.html",
            "body": {
                "greeting": "Hi",
                "recipient_name": "there",
                "intro": [
                    {
                        "value": "Please login to the Actionabl to complete this task."
                    }
                ],
                "outro": [
                    {
                        "value": "This is an automated message. Please do not reply to this email."
                    }
                ],
                "dictionary": "{{error_message}}",
                "signature": "Regards, <br />Team Actionabl"
            }
        },
        "type": 2,
        "name": "Send Exception Email Template",
        "active": true,
        "updated_at": 1648630475324,
        "updated_by": "admin"
    },
    "bot_end_email_template": {
        "config_dat": {
            "recipient_email": "ipo.ops@hdfcsec.com;shyam.jadhav@hdfcsec.com;rohit.gangola@hdfcsec.com",
            "cc_email": "keval.juthani@actionabl.ai",
            "email_subject": "BTBH IPO Bot Ended",
            "html_email": true,
            "body_type": "mailgen",
            "body_template": "hdfc-btbh-ipo.html",
            "body": {
                "greeting": "Hello",
                "recipient_name": "All",
                "intro": [
                    {
                        "value": "BTBH IPO upload process has been ended."
                    }
                ],
                "signature": "Regards, <br /> Team Actionabl"
            }
        },
        "type": 2,
        "name": "Bot End Email Template",
        "active": true,
        "updated_at": 1648024702201,
        "updated_by": "keval"
    }
}
