{
  "tcs_bancs_login_complete_rule": {
    "category": 1,
    "type": 3,
    "name": "TCS BANCS Login Complete Rule",
    "active": true,
    "config_dat": [
      {
        "condition": "$.tcs_bancs_login_complete !== true",
                "action": "throw \"Could not complete TCS BANCS Login\""
      }
    ],
    "updated_at": 1643101978518,
    "updated_by": "keval"
  },
  "bank_hold_release_file_upload_complete_rule": {
    "category": 1,
    "type": 3,
    "name": "Bank Hold Release File Upload Complete Rule",
    "active": true,
    "config_dat": [
      {
        "condition": "$.bank_hold_release_file_upload_complete !== true",
                "action": "throw \"Could not complete Bank Hold Release File Upload\""
      }
    ],
    "updated_at": 1643101978518,
    "updated_by": "keval"
  },
  "hold_recon_complete_rule": {
    "category": 1,
    "type": 3,
    "name": "Hold Reconciliation Complete Rule",
    "active": true,
    "config_dat": [
      {
        "condition": "$.hold_recon_complete !== true",
                "action": "throw \"Could not complete Hold Reconciliation\""
      }
    ],
    "updated_at": 1643101978518,
    "updated_by": "keval"
    },
    "btbh_ipo_define_folder_name_rule": {
        "category": 1,
        "type": 4,
        "name": "BTBH IPO Define IPO Folder Name",
        "active": true,
        "config_dat": {
            "script": "const { bfs, config } = modules;\r\nconst format = modules.require('date-fns/format');\r\nlet rslt;\r\ntry {\r\n    let filePath = `${config.folders.runtime.temp}\\\\\\\\folder_number_count.txt`;\r\n    let currDate = format(new Date(), 'dd-MM-yyyy');\r\n    let folderNo = 1;\r\n    let folderPreText = 'BT';\r\n    rslt = await bfs.fileExists(filePath);\r\n    if (rslt.rc != 0) return rslt;\r\n    if (rslt.data) {\r\n        rslt = await bfs.readFile(filePath);\r\n        if (rslt.rc != 0) return rslt;\r\n        let data = rslt.data;\r\n        let existingDate = data.split(':')[0];\r\n        let existingPart = +data.split(':')[1];\r\n        if (existingDate == currDate) {\r\n            folderNo = existingPart + 1;\r\n            rslt = await bfs.writeFile(filePath, `${currDate}:${folderNo}`);\r\n            if (rslt.rc != 0) return rslt;\r\n            $.btbh_ipo_folder_name = `${folderPreText}${folderNo}`;\r\n        } else {\r\n            rslt = await bfs.writeFile(filePath, `${currDate}:${folderNo}`);\r\n            if (rslt.rc != 0) return rslt;\r\n            $.btbh_ipo_folder_name = `${folderPreText}${folderNo}`;\r\n        }\r\n    } else {\r\n        rslt = await bfs.writeFile(filePath, `${currDate}:${folderNo}`);\r\n        if (rslt.rc != 0) return rslt;\r\n        $.btbh_ipo_folder_name = `${folderPreText}${folderNo}`;\r\n    }\r\n    return { rc: 0 };\r\n} catch (error) {\r\n    return { rc: 1, msg: error.message };\r\n}"
        },
        "updated_at": 1645617268881,
        "updated_by": "admin"
  }
}