{
	"elementMap": {
		"efr": {
			"typ": "bpmn:process",
			"isExecutable": true,
			"name": "Exchange Files Receipt"
		},
		"start_event": {
			"typ": "bpmn:startEvent",
			"name": "Start",
			"bpmn:outgoing": [
				"sequenceflow_1"
			],
			"diaBounds": {
				"x": 35,
				"y": 117
			}
		},
		"bse_initial_status": {
			"typ": "bpmn:task",
			"name": "BSE Initial Status Check",
			"bpmn:incoming": [
				"sequenceflow_1"
			],
			"bpmn:outgoing": [
				"sequenceflow_2"
			],
			"diaBounds": {
				"x": 121,
				"y": 95
			}
		},
		"bse_rpa_task": {
			"typ": "bpmn:task",
			"name": "BSE RPA Task",
			"bpmn:incoming": [
				"bse_flow_run_rpa"
			],
			"bpmn:outgoing": [
				"sequenceflow_3"
			],
			"diaBounds": {
				"x": 371,
				"y": 95
			}
		},
		"bse_send_notification": {
			"typ": "bpmn:task",
			"name": "BSE Send Notification",
			"bpmn:incoming": [
				"bse_flow_end",
				"sequenceflow_3"
			],
			"bpmn:outgoing": [
				"sequenceflow_4"
			],
			"diaBounds": {
				"x": 521,
				"y": 95
			}
		},
		"nse_all_reports_initial_status": {
			"typ": "bpmn:task",
			"name": "NSE All Reports Initial Status Check",
			"bpmn:incoming": [
				"sequenceflow_4"
			],
			"bpmn:outgoing": [
				"sequenceflow_5"
			],
			"diaBounds": {
				"x": 741,
				"y": 95
			}
		},
		"nse_all_reports_rpa_task": {
			"typ": "bpmn:task",
			"name": "NSE All Reports RPA Task",
			"bpmn:incoming": [
				"nse_all_reports_flow_run_rpa"
			],
			"bpmn:outgoing": [
				"sequenceflow_6"
			],
			"diaBounds": {
				"x": 991,
				"y": 95
			}
		},
		"nse_all_reports_send_notification": {
			"typ": "bpmn:task",
			"name": "NSE All Reports Send Notification",
			"bpmn:incoming": [
				"nse_all_reports_flow_end",
				"sequenceflow_6"
			],
			"bpmn:outgoing": [
				"sequenceflow_7"
			],
			"diaBounds": {
				"x": 1141,
				"y": 95
			}
		},
		"mcx_initial_status": {
			"typ": "bpmn:task",
			"name": "MCX Initial Status Check",
			"bpmn:incoming": [
				"sequenceflow_7"
			],
			"bpmn:outgoing": [
				"sequenceflow_8"
			],
			"diaBounds": {
				"x": 85,
				"y": 345
			}
		},
		"mcx_rpa_task": {
			"typ": "bpmn:task",
			"name": "MCX RPA Task",
			"bpmn:incoming": [
				"mcx_flow_run_rpa"
			],
			"bpmn:outgoing": [
				"sequenceflow_9"
			],
			"diaBounds": {
				"x": 335,
				"y": 345
			}
		},
		"mcx_send_notification": {
			"typ": "bpmn:task",
			"name": "MCX Send Notification",
			"bpmn:incoming": [
				"mcx_flow_end",
				"sequenceflow_9"
			],
			"bpmn:outgoing": [
				"sequenceflow_10"
			],
			"diaBounds": {
				"x": 485,
				"y": 345
			}
		},
		"nse_login1_initial_status": {
			"typ": "bpmn:task",
			"name": "NSE Login1 Initial Status Check",
			"bpmn:incoming": [
				"sequenceflow_10"
			],
			"bpmn:outgoing": [
				"sequenceflow_11"
			],
			"diaBounds": {
				"x": 705,
				"y": 345
			}
		},
		"nse_login1_rpa_task": {
			"typ": "bpmn:task",
			"name": "NSE Login1 RPA Task",
			"bpmn:incoming": [
				"nse_login1_flow_run_rpa"
			],
			"bpmn:outgoing": [
				"sequenceflow_12"
			],
			"diaBounds": {
				"x": 955,
				"y": 345
			}
		},
		"nse_login1_send_notification": {
			"typ": "bpmn:task",
			"name": "NSE Login1 Send Notification",
			"bpmn:incoming": [
				"nse_login1_reports_flow_end",
				"sequenceflow_12"
			],
			"bpmn:outgoing": [
				"sequenceflow_13"
			],
			"diaBounds": {
				"x": 1105,
				"y": 345
			}
		},
		"nse_login2_initial_status": {
			"typ": "bpmn:task",
			"name": "NSE Login2 Initial Status Check",
			"bpmn:incoming": [
				"sequenceflow_13"
			],
			"bpmn:outgoing": [
				"sequenceflow_14"
			],
			"diaBounds": {
				"x": 85,
				"y": 595
			}
		},
		"nse_login2_rpa_task": {
			"typ": "bpmn:task",
			"name": "NSE Login2 RPA Task",
			"bpmn:incoming": [
				"nse_login2_flow_run_rpa"
			],
			"bpmn:outgoing": [
				"sequenceflow_15"
			],
			"diaBounds": {
				"x": 335,
				"y": 595
			}
		},
		"nse_login2_send_notification": {
			"typ": "bpmn:task",
			"name": "NSE Login2 Send Notification",
			"bpmn:incoming": [
				"nse_login2_reports_flow_end",
				"sequenceflow_15"
			],
			"bpmn:outgoing": [
				"sequenceflow_16"
			],
			"diaBounds": {
				"x": 485,
				"y": 595
			}
		},
		"nse_login3_initial_status": {
			"typ": "bpmn:task",
			"name": "NSE Login3 Initial Status Check",
			"bpmn:incoming": [
				"sequenceflow_16"
			],
			"bpmn:outgoing": [
				"sequenceflow_17"
			],
			"diaBounds": {
				"x": 705,
				"y": 595
			}
		},
		"nse_login3_rpa_task": {
			"typ": "bpmn:task",
			"name": "NSE Login3 RPA Task",
			"bpmn:incoming": [
				"nse_login3_flow_run_rpa"
			],
			"bpmn:outgoing": [
				"sequenceflow_18"
			],
			"diaBounds": {
				"x": 955,
				"y": 595
			}
		},
		"nse_login3_send_notification": {
			"typ": "bpmn:task",
			"name": "NSE Login3 Send Notification",
			"bpmn:incoming": [
				"nse_login3_reports_flow_end",
				"sequenceflow_18"
			],
			"bpmn:outgoing": [
				"sequenceflow_19"
			],
			"diaBounds": {
				"x": 1105,
				"y": 595
			}
		},
		"bse_member_initial_status": {
			"typ": "bpmn:task",
			"name": "BSE Member Initial Status Check",
			"bpmn:incoming": [
				"sequenceflow_19"
			],
			"bpmn:outgoing": [
				"sequenceflow_20"
			],
			"diaBounds": {
				"x": 85,
				"y": 845
			}
		},
		"bse_member_rpa_task": {
			"typ": "bpmn:task",
			"name": "BSE Member RPA Task",
			"bpmn:incoming": [
				"bse_member_flow_run_rpa"
			],
			"bpmn:outgoing": [
				"sequenceflow_21"
			],
			"diaBounds": {
				"x": 335,
				"y": 845
			}
		},
		"bse_member_send_notification": {
			"typ": "bpmn:task",
			"name": "BSE Member Send Notification",
			"bpmn:incoming": [
				"bse_member_flow_end",
				"sequenceflow_21"
			],
			"bpmn:outgoing": [
				"sequenceflow_22"
			],
			"diaBounds": {
				"x": 485,
				"y": 845
			}
		},
		"bse_gw_run_rpa": {
			"typ": "bpmn:exclusiveGateway",
			"name": "BSE Run RPA ?",
			"bpmn:incoming": [
				"sequenceflow_2"
			],
			"bpmn:outgoing": [
				"bse_flow_run_rpa",
				"bse_flow_end"
			],
			"diaBounds": {
				"x": 271,
				"y": 110
			}
		},
		"nse_all_reports_gw_run_rpa": {
			"typ": "bpmn:exclusiveGateway",
			"name": "NSE All Reports Run RPA ?",
			"bpmn:incoming": [
				"sequenceflow_5"
			],
			"bpmn:outgoing": [
				"nse_all_reports_flow_run_rpa",
				"nse_all_reports_flow_end"
			],
			"diaBounds": {
				"x": 891,
				"y": 110
			}
		},
		"mcx_gw_run_rpa": {
			"typ": "bpmn:exclusiveGateway",
			"name": "MCX Run RPA ?",
			"bpmn:incoming": [
				"sequenceflow_8"
			],
			"bpmn:outgoing": [
				"mcx_flow_run_rpa",
				"mcx_flow_end"
			],
			"diaBounds": {
				"x": 235,
				"y": 360
			}
		},
		"nse_login1_reports_gw_run_rpa": {
			"typ": "bpmn:exclusiveGateway",
			"name": "NSE Login1 Run RPA ?",
			"bpmn:incoming": [
				"sequenceflow_11"
			],
			"bpmn:outgoing": [
				"nse_login1_flow_run_rpa",
				"nse_login1_reports_flow_end"
			],
			"diaBounds": {
				"x": 855,
				"y": 360
			}
		},
		"nse_login2_reports_gw_run_rpa": {
			"typ": "bpmn:exclusiveGateway",
			"name": "NSE Login2 Run RPA ?",
			"bpmn:incoming": [
				"sequenceflow_14"
			],
			"bpmn:outgoing": [
				"nse_login2_flow_run_rpa",
				"nse_login2_reports_flow_end"
			],
			"diaBounds": {
				"x": 235,
				"y": 610
			}
		},
		"nse_login3_reports_gw_run_rpa": {
			"typ": "bpmn:exclusiveGateway",
			"name": "NSE Login3 Run RPA ?",
			"bpmn:incoming": [
				"sequenceflow_17"
			],
			"bpmn:outgoing": [
				"nse_login3_flow_run_rpa",
				"nse_login3_reports_flow_end"
			],
			"diaBounds": {
				"x": 855,
				"y": 610
			}
		},
		"bse_member_gw_run_rpa": {
			"typ": "bpmn:exclusiveGateway",
			"name": "BSE Member Run RPA ?",
			"bpmn:incoming": [
				"sequenceflow_20"
			],
			"bpmn:outgoing": [
				"bse_member_flow_run_rpa",
				"bse_member_flow_end"
			],
			"diaBounds": {
				"x": 235,
				"y": 860
			}
		},
		"end_event": {
			"typ": "bpmn:endEvent",
			"name": "End",
			"bpmn:incoming": [
				"sequenceflow_22"
			],
			"diaBounds": {
				"x": 635,
				"y": 867
			}
		},
		"sequenceflow_1": {
			"typ": "bpmn:sequenceFlow",
			"sourceRef": "start_event",
			"targetRef": "bse_initial_status",
			"diaWayPoints": [
				{
					"x": 71,
					"y": 135
				},
				{
					"x": 121,
					"y": 135
				}
			]
		},
		"sequenceflow_2": {
			"typ": "bpmn:sequenceFlow",
			"sourceRef": "bse_initial_status",
			"targetRef": "bse_gw_run_rpa",
			"diaWayPoints": [
				{
					"x": 221,
					"y": 135
				},
				{
					"x": 271,
					"y": 135
				}
			]
		},
		"bse_flow_run_rpa": {
			"typ": "bpmn:sequenceFlow",
			"condition": "$.efr_run_rpa == true",
			"name": "Run RPA",
			"sourceRef": "bse_gw_run_rpa",
			"targetRef": "bse_rpa_task",
			"diaWayPoints": [
				{
					"x": 321,
					"y": 135
				},
				{
					"x": 371,
					"y": 135
				}
			]
		},
		"bse_flow_end": {
			"typ": "bpmn:sequenceFlow",
			"condition": "$.efr_run_rpa == false",
			"name": "Skip RPA",
			"sourceRef": "bse_gw_run_rpa",
			"targetRef": "bse_send_notification",
			"diaWayPoints": [
				{
					"x": 296,
					"y": 160
				},
				{
					"x": 296,
					"y": 220
				},
				{
					"x": 571,
					"y": 220
				},
				{
					"x": 571,
					"y": 175
				}
			]
		},
		"sequenceflow_3": {
			"typ": "bpmn:sequenceFlow",
			"sourceRef": "bse_rpa_task",
			"targetRef": "bse_send_notification",
			"diaWayPoints": [
				{
					"x": 471,
					"y": 135
				},
				{
					"x": 521,
					"y": 135
				}
			]
		},
		"sequenceflow_4": {
			"typ": "bpmn:sequenceFlow",
			"sourceRef": "bse_send_notification",
			"targetRef": "nse_all_reports_initial_status",
			"diaWayPoints": [
				{
					"x": 621,
					"y": 135
				},
				{
					"x": 741,
					"y": 135
				}
			]
		},
		"sequenceflow_5": {
			"typ": "bpmn:sequenceFlow",
			"sourceRef": "nse_all_reports_initial_status",
			"targetRef": "nse_all_reports_gw_run_rpa",
			"diaWayPoints": [
				{
					"x": 841,
					"y": 135
				},
				{
					"x": 891,
					"y": 135
				}
			]
		},
		"nse_all_reports_flow_run_rpa": {
			"typ": "bpmn:sequenceFlow",
			"condition": "$.efr_run_rpa == true",
			"name": "Run RPA",
			"sourceRef": "nse_all_reports_gw_run_rpa",
			"targetRef": "nse_all_reports_rpa_task",
			"diaWayPoints": [
				{
					"x": 941,
					"y": 135
				},
				{
					"x": 991,
					"y": 135
				}
			]
		},
		"nse_all_reports_flow_end": {
			"typ": "bpmn:sequenceFlow",
			"condition": "$.efr_run_rpa == false",
			"name": "Skip RPA",
			"sourceRef": "nse_all_reports_gw_run_rpa",
			"targetRef": "nse_all_reports_send_notification",
			"diaWayPoints": [
				{
					"x": 916,
					"y": 160
				},
				{
					"x": 916,
					"y": 220
				},
				{
					"x": 1191,
					"y": 220
				},
				{
					"x": 1191,
					"y": 175
				}
			]
		},
		"sequenceflow_6": {
			"typ": "bpmn:sequenceFlow",
			"sourceRef": "nse_all_reports_rpa_task",
			"targetRef": "nse_all_reports_send_notification",
			"diaWayPoints": [
				{
					"x": 1091,
					"y": 135
				},
				{
					"x": 1141,
					"y": 135
				}
			]
		},
		"sequenceflow_7": {
			"typ": "bpmn:sequenceFlow",
			"sourceRef": "nse_all_reports_send_notification",
			"targetRef": "mcx_initial_status",
			"diaWayPoints": [
				{
					"x": 1201,
					"y": 175
				},
				{
					"x": 1201,
					"y": 235
				},
				{
					"x": 135,
					"y": 235
				},
				{
					"x": 135,
					"y": 345
				}
			]
		},
		"sequenceflow_8": {
			"typ": "bpmn:sequenceFlow",
			"sourceRef": "mcx_initial_status",
			"targetRef": "mcx_gw_run_rpa",
			"diaWayPoints": [
				{
					"x": 185,
					"y": 385
				},
				{
					"x": 235,
					"y": 385
				}
			]
		},
		"mcx_flow_run_rpa": {
			"typ": "bpmn:sequenceFlow",
			"condition": "$.efr_run_rpa == true",
			"name": "Run RPA",
			"sourceRef": "mcx_gw_run_rpa",
			"targetRef": "mcx_rpa_task",
			"diaWayPoints": [
				{
					"x": 285,
					"y": 385
				},
				{
					"x": 335,
					"y": 385
				}
			]
		},
		"mcx_flow_end": {
			"typ": "bpmn:sequenceFlow",
			"condition": "$.efr_run_rpa == false",
			"name": "Skip RPA",
			"sourceRef": "mcx_gw_run_rpa",
			"targetRef": "mcx_send_notification",
			"diaWayPoints": [
				{
					"x": 260,
					"y": 410
				},
				{
					"x": 260,
					"y": 470
				},
				{
					"x": 535,
					"y": 470
				},
				{
					"x": 535,
					"y": 425
				}
			]
		},
		"sequenceflow_9": {
			"typ": "bpmn:sequenceFlow",
			"sourceRef": "mcx_rpa_task",
			"targetRef": "mcx_send_notification",
			"diaWayPoints": [
				{
					"x": 435,
					"y": 385
				},
				{
					"x": 485,
					"y": 385
				}
			]
		},
		"sequenceflow_10": {
			"typ": "bpmn:sequenceFlow",
			"sourceRef": "mcx_send_notification",
			"targetRef": "nse_login1_initial_status",
			"diaWayPoints": [
				{
					"x": 585,
					"y": 385
				},
				{
					"x": 705,
					"y": 385
				}
			]
		},
		"sequenceflow_11": {
			"typ": "bpmn:sequenceFlow",
			"sourceRef": "nse_login1_initial_status",
			"targetRef": "nse_login1_reports_gw_run_rpa",
			"diaWayPoints": [
				{
					"x": 805,
					"y": 385
				},
				{
					"x": 855,
					"y": 385
				}
			]
		},
		"nse_login1_flow_run_rpa": {
			"typ": "bpmn:sequenceFlow",
			"condition": "$.efr_run_rpa == true",
			"name": "Run RPA",
			"sourceRef": "nse_login1_reports_gw_run_rpa",
			"targetRef": "nse_login1_rpa_task",
			"diaWayPoints": [
				{
					"x": 905,
					"y": 385
				},
				{
					"x": 955,
					"y": 385
				}
			]
		},
		"nse_login1_reports_flow_end": {
			"typ": "bpmn:sequenceFlow",
			"condition": "$.efr_run_rpa == false",
			"name": "Skip RPA",
			"sourceRef": "nse_login1_reports_gw_run_rpa",
			"targetRef": "nse_login1_send_notification",
			"diaWayPoints": [
				{
					"x": 880,
					"y": 410
				},
				{
					"x": 880,
					"y": 470
				},
				{
					"x": 1155,
					"y": 470
				},
				{
					"x": 1155,
					"y": 425
				}
			]
		},
		"sequenceflow_12": {
			"typ": "bpmn:sequenceFlow",
			"sourceRef": "nse_login1_rpa_task",
			"targetRef": "nse_login1_send_notification",
			"diaWayPoints": [
				{
					"x": 1055,
					"y": 385
				},
				{
					"x": 1105,
					"y": 385
				}
			]
		},
		"sequenceflow_13": {
			"typ": "bpmn:sequenceFlow",
			"sourceRef": "nse_login1_send_notification",
			"targetRef": "nse_login2_initial_status",
			"diaWayPoints": [
				{
					"x": 1165,
					"y": 425
				},
				{
					"x": 1165,
					"y": 485
				},
				{
					"x": 135,
					"y": 485
				},
				{
					"x": 135,
					"y": 595
				}
			]
		},
		"sequenceflow_14": {
			"typ": "bpmn:sequenceFlow",
			"sourceRef": "nse_login2_initial_status",
			"targetRef": "nse_login2_reports_gw_run_rpa",
			"diaWayPoints": [
				{
					"x": 185,
					"y": 635
				},
				{
					"x": 235,
					"y": 635
				}
			]
		},
		"nse_login2_flow_run_rpa": {
			"typ": "bpmn:sequenceFlow",
			"condition": "$.efr_run_rpa == true",
			"name": "Run RPA",
			"sourceRef": "nse_login2_reports_gw_run_rpa",
			"targetRef": "nse_login2_rpa_task",
			"diaWayPoints": [
				{
					"x": 285,
					"y": 635
				},
				{
					"x": 335,
					"y": 635
				}
			]
		},
		"nse_login2_reports_flow_end": {
			"typ": "bpmn:sequenceFlow",
			"condition": "$.efr_run_rpa == false",
			"name": "Skip RPA",
			"sourceRef": "nse_login2_reports_gw_run_rpa",
			"targetRef": "nse_login2_send_notification",
			"diaWayPoints": [
				{
					"x": 260,
					"y": 660
				},
				{
					"x": 260,
					"y": 720
				},
				{
					"x": 535,
					"y": 720
				},
				{
					"x": 535,
					"y": 675
				}
			]
		},
		"sequenceflow_15": {
			"typ": "bpmn:sequenceFlow",
			"sourceRef": "nse_login2_rpa_task",
			"targetRef": "nse_login2_send_notification",
			"diaWayPoints": [
				{
					"x": 435,
					"y": 635
				},
				{
					"x": 485,
					"y": 635
				}
			]
		},
		"sequenceflow_16": {
			"typ": "bpmn:sequenceFlow",
			"sourceRef": "nse_login2_send_notification",
			"targetRef": "nse_login3_initial_status",
			"diaWayPoints": [
				{
					"x": 585,
					"y": 635
				},
				{
					"x": 705,
					"y": 635
				}
			]
		},
		"sequenceflow_17": {
			"typ": "bpmn:sequenceFlow",
			"sourceRef": "nse_login3_initial_status",
			"targetRef": "nse_login3_reports_gw_run_rpa",
			"diaWayPoints": [
				{
					"x": 805,
					"y": 635
				},
				{
					"x": 855,
					"y": 635
				}
			]
		},
		"nse_login3_flow_run_rpa": {
			"typ": "bpmn:sequenceFlow",
			"condition": "$.efr_run_rpa == true",
			"name": "Run RPA",
			"sourceRef": "nse_login3_reports_gw_run_rpa",
			"targetRef": "nse_login3_rpa_task",
			"diaWayPoints": [
				{
					"x": 905,
					"y": 635
				},
				{
					"x": 955,
					"y": 635
				}
			]
		},
		"nse_login3_reports_flow_end": {
			"typ": "bpmn:sequenceFlow",
			"condition": "$.efr_run_rpa == false",
			"name": "Skip RPA",
			"sourceRef": "nse_login3_reports_gw_run_rpa",
			"targetRef": "nse_login3_send_notification",
			"diaWayPoints": [
				{
					"x": 880,
					"y": 660
				},
				{
					"x": 880,
					"y": 720
				},
				{
					"x": 1155,
					"y": 720
				},
				{
					"x": 1155,
					"y": 675
				}
			]
		},
		"sequenceflow_18": {
			"typ": "bpmn:sequenceFlow",
			"sourceRef": "nse_login3_rpa_task",
			"targetRef": "nse_login3_send_notification",
			"diaWayPoints": [
				{
					"x": 1055,
					"y": 635
				},
				{
					"x": 1105,
					"y": 635
				}
			]
		},
		"sequenceflow_19": {
			"typ": "bpmn:sequenceFlow",
			"sourceRef": "nse_login3_send_notification",
			"targetRef": "bse_member_initial_status",
			"diaWayPoints": [
				{
					"x": 1165,
					"y": 675
				},
				{
					"x": 1165,
					"y": 735
				},
				{
					"x": 135,
					"y": 735
				},
				{
					"x": 135,
					"y": 845
				}
			]
		},
		"sequenceflow_20": {
			"typ": "bpmn:sequenceFlow",
			"sourceRef": "bse_member_initial_status",
			"targetRef": "bse_member_gw_run_rpa",
			"diaWayPoints": [
				{
					"x": 185,
					"y": 885
				},
				{
					"x": 235,
					"y": 885
				}
			]
		},
		"bse_member_flow_run_rpa": {
			"typ": "bpmn:sequenceFlow",
			"condition": "$.efr_run_rpa == true",
			"name": "Run RPA",
			"sourceRef": "bse_member_gw_run_rpa",
			"targetRef": "bse_member_rpa_task",
			"diaWayPoints": [
				{
					"x": 285,
					"y": 885
				},
				{
					"x": 335,
					"y": 885
				}
			]
		},
		"bse_member_flow_end": {
			"typ": "bpmn:sequenceFlow",
			"condition": "$.efr_run_rpa == false",
			"name": "Skip RPA",
			"sourceRef": "bse_member_gw_run_rpa",
			"targetRef": "bse_member_send_notification",
			"diaWayPoints": [
				{
					"x": 260,
					"y": 910
				},
				{
					"x": 260,
					"y": 970
				},
				{
					"x": 535,
					"y": 970
				},
				{
					"x": 535,
					"y": 925
				}
			]
		},
		"sequenceflow_21": {
			"typ": "bpmn:sequenceFlow",
			"sourceRef": "bse_member_rpa_task",
			"targetRef": "bse_member_send_notification",
			"diaWayPoints": [
				{
					"x": 435,
					"y": 885
				},
				{
					"x": 485,
					"y": 885
				}
			]
		},
		"sequenceflow_22": {
			"typ": "bpmn:sequenceFlow",
			"sourceRef": "bse_member_send_notification",
			"targetRef": "end_event",
			"diaWayPoints": [
				{
					"x": 585,
					"y": 885
				},
				{
					"x": 635,
					"y": 885
				}
			]
		},
		"grp_0": {
			"typ": "bpmn:group",
			"diaBounds": {
				"x": 100,
				"y": 20,
				"width": 536,
				"height": 230
			},
			"groupLabel": "BSE Bhavcopy"
		},
		"grp_1": {
			"typ": "bpmn:group",
			"diaBounds": {
				"x": 676,
				"y": 20,
				"width": 580,
				"height": 230
			},
			"groupLabel": "NSE All Reports"
		},
		"grp_2": {
			"typ": "bpmn:group",
			"diaBounds": {
				"x": 20,
				"y": 270,
				"width": 580,
				"height": 230
			},
			"groupLabel": "MCX"
		},
		"grp_3": {
			"typ": "bpmn:group",
			"diaBounds": {
				"x": 640,
				"y": 270,
				"width": 580,
				"height": 230
			},
			"groupLabel": "NSE Login Cash"
		},
		"grp_4": {
			"typ": "bpmn:group",
			"diaBounds": {
				"x": 20,
				"y": 520,
				"width": 580,
				"height": 230
			},
			"groupLabel": "NSE Login FNO"
		},
		"grp_5": {
			"typ": "bpmn:group",
			"diaBounds": {
				"x": 640,
				"y": 520,
				"width": 580,
				"height": 230
			},
			"groupLabel": "NSE Login Currency"
		},
		"grp_6": {
			"typ": "bpmn:group",
			"diaBounds": {
				"x": 20,
				"y": 770,
				"width": 586,
				"height": 230
			},
			"groupLabel": "BSE Member"
		}
	}
}