{
    "efr": {
        "fields": [
            {
                "field": "efr_param_str"
            },
            {
                "field": "efr_run_rpa"
            },
            {
                "field": "test_current_datetime"
            }
        ],
        "send_notification": false
    },
    "start_event": {
        "activity_type": 0,
        "buss_id_prefix": "EFRB",
        "buss_id_value": 1,
        "connector": "cron",
        "input": [
            {
                "field": "test_current_datetime"
            }
        ],
        "start_form": true
    },
    "bse_initial_status": {
        "activity_type": "5",
        "connector": 6001,
        "input": [
            {
                "field": "test_current_datetime"
            }
        ],
        "output": [
            {
                "field": "efr_param_str"
            },
            {
                "field": "efr_run_rpa"
            }
        ]
    },
    "bse_rpa_task": {
        "activity_type": "5",
        "connector": 6002,
        "input": [
            {
                "field": "efr_param_str"
            }
        ]
    },
    "bse_send_notification": {
        "activity_type": "5",
        "connector": "send_notification",
        "input": [
            {
                "field": "efr_param_str"
            }
        ],
        "output": [
            {
                "field": "efr_param_str"
            }
        ]
    },
    "nse_all_reports_initial_status": {
        "activity_type": "5",
        "connector": 6051,
        "input": [
            {
                "field": "test_current_datetime"
            }
        ],
        "output": [
            {
                "field": "efr_param_str"
            },
            {
                "field": "efr_run_rpa"
            }
        ]
    },
    "nse_all_reports_rpa_task": {
        "activity_type": "5",
        "connector": 6052,
        "input": [
            {
                "field": "efr_param_str"
            }
        ]
    },
    "nse_all_reports_send_notification": {
        "activity_type": "5",
        "connector": "send_notification",
        "input": [
            {
                "field": "efr_param_str"
            }
        ],
        "output": [
            {
                "field": "efr_param_str"
            }
        ]
    },
    "mcx_initial_status": {
        "activity_type": "5",
        "connector": 6061,
        "input": [
            {
                "field": "test_current_datetime"
            }
        ],
        "output": [
            {
                "field": "efr_param_str"
            },
            {
                "field": "efr_run_rpa"
            }
        ]
    },
    "mcx_rpa_task": {
        "activity_type": "5",
        "connector": 6062,
        "input": [
            {
                "field": "efr_param_str"
            }
        ]
    },
    "mcx_send_notification": {
        "activity_type": "5",
        "connector": "send_notification",
        "input": [
            {
                "field": "efr_param_str"
            }
        ],
        "output": [
            {
                "field": "efr_param_str"
            }
        ]
    },
    "nse_login1_initial_status": {
        "activity_type": "5",
        "connector": 6021,
        "input": [
            {
                "field": "test_current_datetime"
            }
        ],
        "output": [
            {
                "field": "efr_param_str"
            },
            {
                "field": "efr_run_rpa"
            }
        ]
    },
    "nse_login1_rpa_task": {
        "activity_type": "5",
        "connector": 6022,
        "input": [
            {
                "field": "efr_param_str"
            }
        ]
    },
    "nse_login1_send_notification": {
        "activity_type": "5",
        "connector": "send_notification",
        "input": [
            {
                "field": "efr_param_str"
            }
        ],
        "output": [
            {
                "field": "efr_param_str"
            }
        ]
    },
    "nse_login2_initial_status": {
        "activity_type": "5",
        "connector": 6031,
        "input": [
            {
                "field": "test_current_datetime"
            }
        ],
        "output": [
            {
                "field": "efr_param_str"
            },
            {
                "field": "efr_run_rpa"
            }
        ]
    },
    "nse_login2_rpa_task": {
        "activity_type": "5",
        "connector": 6032,
        "input": [
            {
                "field": "efr_param_str"
            }
        ]
    },
    "nse_login2_send_notification": {
        "activity_type": "5",
        "connector": "send_notification",
        "input": [
            {
                "field": "efr_param_str"
            }
        ],
        "output": [
            {
                "field": "efr_param_str"
            }
        ]
    },
    "nse_login3_initial_status": {
        "activity_type": "5",
        "connector": 6041,
        "input": [
            {
                "field": "test_current_datetime"
            }
        ],
        "output": [
            {
                "field": "efr_param_str"
            },
            {
                "field": "efr_run_rpa"
            }
        ]
    },
    "nse_login3_rpa_task": {
        "activity_type": "5",
        "connector": 6042,
        "input": [
            {
                "field": "efr_param_str"
            }
        ]
    },
    "nse_login3_send_notification": {
        "activity_type": "5",
        "connector": "send_notification",
        "input": [
            {
                "field": "efr_param_str"
            }
        ],
        "output": [
            {
                "field": "efr_param_str"
            }
        ]
    },
    "bse_member_initial_status": {
        "activity_type": "5",
        "connector": 6011,
        "input": [
            {
                "field": "test_current_datetime"
            }
        ],
        "output": [
            {
                "field": "efr_param_str"
            },
            {
                "field": "efr_run_rpa"
            }
        ]
    },
    "bse_member_rpa_task": {
        "activity_type": "5",
        "connector": 6012,
        "input": [
            {
                "field": "efr_param_str"
            }
        ]
    },
    "bse_member_send_notification": {
        "activity_type": "5",
        "connector": "send_notification",
        "input": [
            {
                "field": "efr_param_str"
            }
        ],
        "output": [
            {
                "field": "efr_param_str"
            }
        ]
    }
}