{
    "bod_download_process": {
        "process_params": "bod_download_params",
        "fields": [
            {
                "field": "skip_login_cdsl",
                "default_value": null
            },
            {
                "field": "login_cdsl_complete"
            },
            {
                "field": "login_cdas_complete"
            },
            {
                "field": "skip_login_cdas"
            },
            {
                "field": "skip_open_report_download"
            },
            {
                "field": "skip_open_reports"
            },
            {
                "field": "open_report_download_complete"
            },
            {
                "field": "open_reports_complete"
            },
            {
                "field": "run_date"
            },
            {
                "field": "from_date"
            },
            {
                "field": "to_date"
            },
            {
                "field": "download_all_complete"
            },
            {
                "field": "download_cd01_complete"
            },
            {
                "field": "download_cd02_complete"
            },
            {
                "field": "download_cd03_complete"
            },
            {
                "field": "download_cd04_complete"
            },
            {
                "field": "download_cd05_complete"
            },
            {
                "field": "download_cd07_complete"
            },
            {
                "field": "download_cd10_complete"
            },
            {
                "field": "download_cd11_complete"
            },
            {
                "field": "download_cd12_complete"
            },
            {
                "field": "download_dp57_complete"
            },
            {
                "field": "download_dpa7_complete"
            },
            {
                "field": "download_dpc3_complete"
            },
            {
                "field": "download_dpm3_complete"
            },
            {
                "field": "download_dpm4_complete"
            },
            {
                "field": "download_dps8_complete"
            },
            {
                "field": "download_isin_complete"
            },
            {
                "field": "skip_download_all"
            },
            {
                "field": "skip_download_cd01"
            },
            {
                "field": "skip_download_cd02"
            },
            {
                "field": "skip_download_cd03"
            },
            {
                "field": "skip_download_cd04"
            },
            {
                "field": "skip_download_cd05"
            },
            {
                "field": "skip_download_cd07"
            },
            {
                "field": "skip_download_cd10"
            },
            {
                "field": "skip_download_cd11"
            },
            {
                "field": "skip_download_cd12"
            },
            {
                "field": "skip_download_dp57"
            },
            {
                "field": "skip_download_dpa7"
            },
            {
                "field": "skip_download_dpc3"
            },
            {
                "field": "skip_download_dpm3"
            },
            {
                "field": "skip_download_dpm4"
            },
            {
                "field": "skip_download_dps8"
            },
            {
                "field": "skip_download_isin"
            },
            {
                "field": "download_all_files"
            },
            {
                "field": "copy_master_files_complete"
            },
            {
                "field": "skip_copy_master_files"
            },
            {
                "field": "bod_master_files_list"
            },
            {
                "field": "bod_transaction_files_list"
            },
            {
                "field": "skip_copy_transaction_files"
            },
            {
                "field": "copy_transaction_files_complete"
            },
            {
                "field": "bod_sign_folder_name"
            },
            {
                "field": "bod_total_runs"
            },
            {
                "field": "is_market_holiday_today"
            },
            {
                "field": "all_bod_transactional_download_completed"
            }
        ]
    },
    "start_process": {
        "activity_type": 0,
        "start_form": true,
        "buss_id_prefix": "BODDownload",
        "buss_id_value": "1",
        "input": [
            {
                "field": "skip_login_cdsl"
            },
            {
                "field": "skip_login_cdas"
            },
            {
                "field": "skip_open_report_download"
            },
            {
                "field": "skip_open_reports"
            },
            {
                "field": "skip_download_all"
            },
            {
                "field": "skip_download_cd01"
            },
            {
                "field": "skip_download_cd02"
            },
            {
                "field": "skip_download_cd03"
            },
            {
                "field": "skip_download_cd04"
            },
            {
                "field": "skip_download_cd05"
            },
            {
                "field": "skip_download_cd07"
            },
            {
                "field": "skip_download_cd10"
            },
            {
                "field": "skip_download_cd11"
            },
            {
                "field": "skip_download_cd12"
            },
            {
                "field": "skip_download_dp57"
            },
            {
                "field": "skip_download_dpa7"
            },
            {
                "field": "skip_download_dpc3"
            },
            {
                "field": "skip_download_dpm3"
            },
            {
                "field": "skip_download_dpm4"
            },
            {
                "field": "skip_download_dps8"
            },
            {
                "field": "skip_download_isin"
            },
            {
                "field": "download_all_files"
            },
            {
                "field": "skip_copy_master_files"
            },
            {
                "field": "skip_copy_transaction_files"
            },
            {
                "field": "run_date"
            }
        ],
        "input_form": "bod_download_process_input_form"
    },
    "copy_master_files": {
        "activity_type": 5,
        "connector": "copy_master_files_connector",
        "input": [
            {
                "field": "run_date"
            },
            {
                "field": "from_date"
            },
            {
                "field": "to_date"
            },
            {
                "field": "skip_copy_master_files"
            },
            {
                "field": "bod_master_files_list"
            }
        ],
        "output": [
            {
                "field": "copy_master_files_complete"
            },
            {
                "field": "bod_master_files_list"
            }
        ]
    },
    "copy_transaction_files": {
        "activity_type": 5,
        "connector": "copy_transaction_files_connector",
        "input": [
            {
                "field": "run_date"
            },
            {
                "field": "from_date"
            },
            {
                "field": "to_date"
            },
            {
                "field": "bod_transaction_files_list"
            },
            {
                "field": "skip_copy_transaction_files"
            }
        ],
        "output": [
            {
                "field": "bod_transaction_files_list"
            },
            {
                "field": "copy_transaction_files_complete"
            },
            {
                "field": "bod_sign_folder_name"
            }
        ]
    },
    "determine_date": {
        "activity_type": 3,
        "activity_rule": [
            {
                "id": "detemine_working_date_rule",
                "stop_on_error": true
            }
        ],
        "output": [
            {
                "field": "run_date"
            },
            {
                "field": "from_date"
            },
            {
                "field": "to_date"
            },
            {
                "field": "bod_total_runs"
            },
            {
                "field": "is_market_holiday_today"
            }
        ],
        "input": [
            {
                "field": "run_date"
            }
        ]
    },
    "download_all": {
        "activity_type": 5,
        "connector": "download_all_connector",
        "input": [
            {
                "field": "run_date",
                "required": true
            },
            {
                "field": "from_date",
                "required": true
            },
            {
                "field": "to_date",
                "required": true
            },
            {
                "field": "skip_download_all"
            },
            {
                "field": "download_all_files"
            }
        ],
        "output": [
            {
                "field": "download_all_complete"
            }
        ]
    },
    "download_cd01": {
        "activity_type": 5,
        "connector": "download_cd01_connector",
        "input": [
            {
                "field": "skip_download_cd01"
            },
            {
                "field": "download_all_files"
            }
        ],
        "output": [
            {
                "field": "download_cd01_complete"
            }
        ]
    },
    "download_cd02": {
        "activity_type": 5,
        "connector": "download_cd02_connector",
        "input": [
            {
                "field": "skip_download_cd02"
            },
            {
                "field": "download_all_files"
            }
        ],
        "output": [
            {
                "field": "download_cd02_complete"
            }
        ]
    },
    "download_cd03": {
        "activity_type": 5,
        "connector": "download_cd03_connector",
        "post_activity_rule": [],
        "input": [
            {
                "field": "skip_download_cd03"
            },
            {
                "field": "download_all_files"
            }
        ],
        "output": [
            {
                "field": "download_cd03_complete"
            }
        ],
        "pre_activity_rule": []
    },
    "download_cd04": {
        "activity_type": 5,
        "connector": "download_cd04_connector",
        "input": [
            {
                "field": "skip_download_cd04"
            },
            {
                "field": "download_all_files"
            }
        ],
        "output": [
            {
                "field": "download_cd04_complete"
            }
        ]
    },
    "download_cd05": {
        "activity_type": 5,
        "connector": "download_cd05_connector",
        "input": [
            {
                "field": "skip_download_cd05"
            },
            {
                "field": "download_all_files"
            }
        ],
        "output": [
            {
                "field": "download_cd05_complete"
            }
        ]
    },
    "download_cd07": {
        "activity_type": 5,
        "connector": "download_cd07_connector",
        "input": [
            {
                "field": "run_date",
                "required": true
            },
            {
                "field": "skip_download_cd07"
            },
            {
                "field": "download_all_files"
            }
        ],
        "output": [
            {
                "field": "download_cd07_complete"
            }
        ]
    },
    "download_cd10": {
        "activity_type": 5,
        "connector": "download_cd10_connector",
        "input": [
            {
                "field": "skip_download_cd10"
            },
            {
                "field": "download_all_files"
            }
        ],
        "output": [
            {
                "field": "download_cd10_complete"
            }
        ]
    },
    "download_cd11": {
        "activity_type": 5,
        "connector": "download_cd11_connector",
        "input": [
            {
                "field": "skip_download_cd11"
            },
            {
                "field": "download_all_files"
            }
        ],
        "output": [
            {
                "field": "download_cd11_complete"
            }
        ]
    },
    "download_cd12": {
        "activity_type": 5,
        "connector": "download_cd12_connector",
        "input": [
            {
                "field": "skip_download_cd12"
            },
            {
                "field": "download_all_files"
            }
        ],
        "output": [
            {
                "field": "download_cd12_complete"
            }
        ]
    },
    "download_dp57_eod": {
        "activity_type": 5,
        "connector": "download_dp57_connector",
        "input": [
            {
                "field": "run_date",
                "required": true
            },
            {
                "field": "from_date",
                "required": true
            },
            {
                "field": "to_date",
                "required": true
            },
            {
                "field": "skip_download_dp57"
            },
            {
                "field": "download_all_files"
            }
        ],
        "output": [
            {
                "field": "download_dp57_complete"
            }
        ]
    },
    "download_dpa7": {
        "activity_type": 5,
        "connector": "download_dpa7_connector",
        "input": [
            {
                "field": "run_date",
                "required": true
            },
            {
                "field": "from_date",
                "required": true
            },
            {
                "field": "to_date",
                "required": true
            },
            {
                "field": "skip_download_dpa7"
            },
            {
                "field": "download_all_files"
            }
        ],
        "output": [
            {
                "field": "download_dpa7_complete"
            }
        ]
    },
    "download_dpc3": {
        "activity_type": 5,
        "connector": "download_dpc3_connector",
        "input": [
            {
                "field": "run_date",
                "required": true
            },
            {
                "field": "from_date",
                "required": true
            },
            {
                "field": "to_date",
                "required": true
            },
            {
                "field": "skip_download_dpc3"
            },
            {
                "field": "download_all_files"
            }
        ],
        "output": [
            {
                "field": "download_dpc3_complete"
            },
            {
                "field": "bod_sign_folder_name"
            }
        ]
    },
    "download_dpm3": {
        "activity_type": 5,
        "connector": "download_dpm3_connector",
        "input": [
            {
                "field": "run_date",
                "required": true
            },
            {
                "field": "from_date",
                "required": true
            },
            {
                "field": "to_date",
                "required": true
            },
            {
                "field": "skip_download_dpm3"
            },
            {
                "field": "download_all_files"
            }
        ],
        "output": [
            {
                "field": "download_dpm3_complete"
            }
        ]
    },
    "download_dpm4": {
        "activity_type": 5,
        "connector": "download_dpm4_connector",
        "input": [
            {
                "field": "run_date",
                "required": true
            },
            {
                "field": "from_date",
                "required": true
            },
            {
                "field": "to_date",
                "required": true
            },
            {
                "field": "skip_download_dpm4"
            },
            {
                "field": "download_all_files"
            }
        ],
        "output": [
            {
                "field": "download_dpm4_complete"
            }
        ]
    },
    "download_dps8": {
        "activity_type": 5,
        "connector": "download_dps8_connector",
        "input": [
            {
                "field": "run_date",
                "required": true
            },
            {
                "field": "from_date",
                "required": true
            },
            {
                "field": "to_date",
                "required": true
            },
            {
                "field": "skip_download_dps8"
            },
            {
                "field": "download_all_files"
            }
        ],
        "output": [
            {
                "field": "download_dps8_complete"
            }
        ]
    },
    "download_isin": {
        "activity_type": 5,
        "connector": "download_isin_connector",
        "input": [
            {
                "field": "skip_download_isin"
            },
            {
                "field": "download_all_files"
            }
        ],
        "output": [
            {
                "field": "download_isin_complete"
            }
        ]
    },
    "login_cdasweb": {
        "activity_type": 5,
        "connector": "login_cdas_connector",
        "input": [
            {
                "field": "skip_login_cdas"
            }
        ],
        "output": [
            {
                "field": "login_cdas_complete"
            }
        ]
    },
    "login_cdsl": {
        "activity_type": 5,
        "input": [
            {
                "field": "skip_login_cdsl"
            }
        ],
        "output": [
            {
                "field": "login_cdsl_complete"
            }
        ],
        "connector": "login_cdsl_connector"
    },
    "master_files_ftp_transfer_site_1": {
        "activity_type": 7,
        "connector": "bod_ftp_prod_110",
        "input": [
            {
                "field": "bod_master_files_list"
            }
        ]
    },
    "master_files_ftp_transfer_site_2": {
        "activity_type": 7,
        "connector": "bod_ftp_prod_176",
        "input": [
            {
                "field": "bod_master_files_list"
            }
        ],
        "output": [
            {
                "field": "bod_master_files_list"
            }
        ]
    },
    "open_reports": {
        "activity_type": 5,
        "connector": "open_reports_connector",
        "input": [
            {
                "field": "skip_open_reports"
            }
        ]
    },
    "open_reports_download": {
        "activity_type": 5,
        "connector": "open_report_download_connector",
        "input": [
            {
                "field": "skip_open_report_download"
            }
        ]
    },
    "setup_reports": {
        "activity_type": 5,
        "connector": "setup_reports",
        "input": [
            {
                "field": "skip_download_cd04"
            },
            {
                "field": "skip_download_cd07"
            },
            {
                "field": "download_all_files"
            },
            {
                "field": "run_date"
            }
        ],
        "pre_activity_rule": []
    },
    "transaction_files_ftp_transfer_site_1": {
        "activity_type": 7,
        "connector": "bod_ftp_prod_110",
        "input": [
            {
                "field": "bod_transaction_files_list"
            },
            {
                "field": "bod_sign_folder_name"
            }
        ],
        "output": [
            {
                "field": "bod_sign_folder_name"
            }
        ]
    },
    "transaction_files_ftp_transfer_site_2": {
        "activity_type": 7,
        "connector": "bod_ftp_prod_176",
        "input": [
            {
                "field": "bod_transaction_files_list"
            },
            {
                "field": "bod_sign_folder_name"
            }
        ],
        "output": [
            {
                "field": "bod_transaction_files_list"
            },
            {
                "field": "bod_sign_folder_name"
            }
        ]
    },
    "transactional_files_download_check": {
        "activity_type": 5,
        "connector": "transactional_files_download_check_connector",
        "input": [
            {
                "field": "bod_total_runs"
            },
            {
                "field": "all_bod_transactional_download_completed"
            }
        ],
        "output": [
            {
                "field": "run_date"
            },
            {
                "field": "from_date"
            },
            {
                "field": "to_date"
            }
        ]
    }
}