{
    "StartEvent_1": {
        "activity_type": 0,
        "start_form": false
    },
    "decide_dates": {
        "activity_type": 2
    },
    "decision_signature_files_date": {
        "activity_type": 2
    },
    "download_signature_files": {
        "activity_type": 5
    },
    "ftp_transfer": {
        "activity_type": 7
    },
    "move_files": {
        "activity_type": 5
    },
    "pending_files_download": {
        "activity_type": 5
    },
    "transfer_signature_files": {
        "activity_type": 7
    }
}