{
    "bod_import": {
        "fields": [
            {
                "field": "url_file_path",
                "default_value": "C:\\Bombus\\Actionabl_Dev\\Projects\\Hdfc\\Folders\\Resources\\Published\\Scripts\\Generic\\BOD Import"
            },
            {
                "field": "ftp_file_path",
                "default_value": "Y:\\BODProcessShared"
            },
            {
                "field": "dp_secure_url",
                "default_value": "http://10.179.3.121/cdslserver"
            },
            {
                "field": "no_of_loops",
                "default_value": "20"
            },
            {
                "field": "approved"
            },
            {
                "field": "bod_master_list"
            },
            {
                "field": "bod_txn_list"
            },
            {
                "field": "dp_file_found"
            },
            {
                "field": "approve_files",
                "default_value": "false"
            },
            {
                "field": "skip_master"
            },
            {
                "field": "skip_reconciliation"
            },
            {
                "field": "skip_txn"
            },
            {
                "field": "password"
            },
            {
                "field": "username"
            },
            {
                "field": "approve_reconciliation"
            },
            {
                "field": "saved_file_path",
                "default_value": "Y:\\1\\86700"
            },
            {
                "field": "saved_file_attachment"
            },
            {
                "field": "confirm_recon"
            }
        ]
    },
    "start_process": {
        "activity_type": 0,
        "start_form": true,
        "buss_id_prefix": "imp",
        "buss_id_value": "1",
        "connector": null,
        "input": [
            {
                "field": "skip_txn"
            },
            {
                "field": "skip_reconciliation"
            },
            {
                "field": "skip_master"
            }
        ]
    },
    "bod_import_reconciliation": {
        "activity_type": 7,
        "connector": "rimport_reconciliation",
        "input": [
            {
                "field": "url_file_path"
            },
            {
                "field": "ftp_file_path"
            },
            {
                "field": "dp_secure_url"
            },
            {
                "field": "no_of_loops"
            },
            {
                "field": "approved"
            },
            {
                "field": "bod_master_list"
            },
            {
                "field": "dp_file_found"
            },
            {
                "field": "approve_files"
            },
            {
                "field": "skip_reconciliation"
            },
            {
                "field": "password"
            },
            {
                "field": "username"
            },
            {
                "field": "saved_file_attachment"
            },
            {
                "field": "saved_file_path"
            }
        ],
        "output": [
            {
                "field": "password"
            },
            {
                "field": "username"
            },
            {
                "field": "saved_file_attachment"
            }
        ]
    },
    "bod_import_txn": {
        "activity_type": 7,
        "connector": "bod_import_txn",
        "input": [
            {
                "field": "url_file_path"
            },
            {
                "field": "ftp_file_path"
            },
            {
                "field": "dp_secure_url"
            },
            {
                "field": "no_of_loops"
            },
            {
                "field": "approved"
            },
            {
                "field": "bod_master_list"
            },
            {
                "field": "dp_file_found"
            },
            {
                "field": "skip_txn"
            },
            {
                "field": "password"
            },
            {
                "field": "username"
            },
            {
                "field": "bod_txn_list"
            }
        ],
        "output": [
            {
                "field": "url_file_path"
            },
            {
                "field": "ftp_file_path"
            },
            {
                "field": "dp_secure_url"
            },
            {
                "field": "no_of_loops"
            },
            {
                "field": "approved"
            },
            {
                "field": "bod_txn_list"
            },
            {
                "field": "dp_file_found"
            }
        ],
        "ui_config": {
            "input_form": "apprv_file"
        }
    },
    "bod_send_reconciliation_mail": {
        "activity_type": 7,
        "connector": "bod_recon_success_mail",
        "input": [
            {
                "field": "saved_file_attachment"
            }
        ]
    },
    "confirm_master": {
        "activity_type": 1,
        "connector": null,
        "input": [
            {
                "field": "bod_master_list"
            },
            {
                "field": "approve_files"
            }
        ],
        "output": [
            {
                "field": "bod_master_list"
            },
            {
                "field": "approve_files"
            }
        ],
        "ui_config": {
            "output_form": "apprv_file"
        }
    },
    "imp_approve_reconciliation": {
        "activity_type": 1,
        "input": [
            {
                "field": "bod_master_list"
            },
            {
                "field": "bod_txn_list"
            },
            {
                "field": "saved_file_attachment"
            }
        ],
        "output": [
            {
                "field": "approve_reconciliation"
            },
            {
                "field": "saved_file_attachment"
            }
        ]
    },
    "imp_confirm_reconciliation": {
        "activity_type": 1,
        "input": [
            {
                "field": "bod_txn_list"
            },
            {
                "field": "bod_master_list"
            }
        ],
        "output": [
            {
                "field": "confirm_recon"
            }
        ]
    },
    "imp_user_decision": {
        "activity_type": 1,
        "input": [
            {
                "field": "approved",
                "required": true
            },
            {
                "field": "bod_txn_list"
            },
            {
                "field": "dp_file_found"
            },
            {
                "field": "bod_master_list"
            }
        ],
        "output": [
            {
                "field": "approved"
            },
            {
                "field": "bod_txn_list"
            }
        ]
    },
    "import_process": {
        "activity_type": 7,
        "connector": "bod_import_files",
        "input": [
            {
                "field": "url_file_path"
            },
            {
                "field": "ftp_file_path"
            },
            {
                "field": "dp_secure_url"
            },
            {
                "field": "no_of_loops"
            },
            {
                "field": "bod_master_list"
            },
            {
                "field": "approve_files"
            },
            {
                "field": "skip_master"
            }
        ],
        "output": [
            {
                "field": "bod_master_list"
            },
            {
                "field": "approve_files"
            },
            {
                "field": "password"
            },
            {
                "field": "username"
            },
            {
                "field": "confirm_recon"
            }
        ]
    },
    "start_process_label": {
        "activity_type": 0,
        "start_form": false
    }
}