{
    "btbh_upload_process": {
        "fields": [
            {
                "field": "buss_id"
            },
            {
                "field": "run_date"
            },
            {
                "field": "start_date"
            },
            {
                "field": "start_time",
                "default_value": "42000000"
            },
            {
                "field": "end_date"
            },
            {
                "field": "end_time",
                "default_value": "42000000"
            },
            {
                "field": "file_name"
            },
            {
                "field": "file_status"
            },
            {
                "field": "message"
            },
            {
                "field": "main_folder",
                "default_value": "C:/Work/BTBHProcess"
            },
            {
                "field": "stop_fos_hold_complete"
            },
            {
                "field": "stop_fos_hold_receipt_complete"
            },
            {
                "field": "download_complete"
            },
            {
                "field": "merchant_upload_complete"
            },
            {
                "field": "bh_upload_complete"
            },
            {
                "field": "bt_upload_complete"
            },
            {
                "field": "btbh_files"
            },
            {
                "field": "mb_email_table"
            },
            {
                "field": "retry"
            },
            {
                "field": "skip_stop_fos_hold"
            },
            {
                "field": "skip_net_banking_download"
            },
            {
                "field": "skip_remove_82950"
            },
            {
                "field": "skip_stop_fos_hold_receipt"
            },
            {
                "field": "skip_file_transfer"
            },
            {
                "field": "skip_mb_fund_settlement"
            },
            {
                "field": "skip_bt_fund_settlement"
            },
            {
                "field": "skip_bh_fund_settlement"
            },
            {
                "field": "file_transfer_complete"
            },
            {
                "field": "remove_82950_complete"
            }
        ],
        "send_notification": true,
        "notification_properties": {
            "recipient_email": null,
            "connector": "btbh_equity_exception_mail_connector",
            "data_fields": []
        },
        "error_task_assignment_strategy": "WG",
        "error_task_assignee": "101"
    },
    "cron_start": {
        "activity_type": 0,
        "start_form": true,
        "buss_id_prefix": "BTBH",
        "buss_id_value": "1",
        "connector": "cron",
        "input": [
            {
                "field": "run_date"
            },
            {
                "field": "start_date"
            },
            {
                "field": "start_time"
            },
            {
                "field": "end_date"
            },
            {
                "field": "end_time"
            },
            {
                "field": "skip_file_transfer"
            },
            {
                "field": "skip_mb_fund_settlement"
            },
            {
                "field": "skip_net_banking_download"
            },
            {
                "field": "skip_remove_82950"
            },
            {
                "field": "skip_stop_fos_hold"
            },
            {
                "field": "skip_stop_fos_hold_receipt"
            },
            {
                "field": "skip_bh_fund_settlement"
            },
            {
                "field": "skip_bt_fund_settlement"
            }
        ],
        "activity_rule": [
            {
                "id": 1089
            }
        ]
    },
    "bh_fund_settlement": {
        "activity_type": 5,
        "connector": 1091,
        "input": [
            {
                "field": "main_folder"
            },
            {
                "field": "skip_bh_fund_settlement"
            }
        ],
        "output": [
            {
                "field": "bh_upload_complete"
            }
        ]
    },
    "bt_fund_settlement": {
        "activity_type": 5,
        "input": [
            {
                "field": "main_folder"
            },
            {
                "field": "skip_bt_fund_settlement"
            },
            {
                "field": "merchant_upload_complete"
            }
        ],
        "connector": 1090,
        "output": [
            {
                "field": "bt_upload_complete"
            }
        ]
    },
    "btbh_upload_status_mail": {
        "activity_type": 7,
        "connector": 1092,
        "input": [
            {
                "field": "bt_upload_complete"
            },
            {
                "field": "bh_upload_complete"
            }
        ]
    },
    "dcp_team_mail": {
        "activity_type": 7,
        "connector": 1086,
        "input": [
            {
                "field": "stop_fos_hold_receipt_complete"
            }
        ]
    },
    "dm_determine_times": {
        "activity_type": "2",
        "input": [
            {
                "field": "run_date"
            }
        ],
        "dmn": 181,
        "output": [
            {
                "field": "start_date"
            },
            {
                "field": "start_time",
                "required": true
            },
            {
                "field": "end_date"
            },
            {
                "field": "end_time",
                "required": true
            }
        ]
    },
    "download_status_mail": {
        "activity_type": 7,
        "connector": 1083,
        "input": [
            {
                "field": "download_complete"
            },
            {
                "field": "btbh_files"
            }
        ],
        "pre_activity_rule": [
            {
                "id": 1084
            }
        ]
    },
    "file_transfer": {
        "activity_type": "5",
        "input": [
            {
                "field": "main_folder"
            },
            {
                "field": "skip_file_transfer"
            },
            {
                "field": "stop_fos_hold_receipt_complete"
            }
        ],
        "connector": 1087,
        "output": [
            {
                "field": "file_transfer_complete"
            }
        ]
    },
    "mb_fund_settlement": {
        "activity_type": 5,
        "input": [
            {
                "field": "main_folder"
            },
            {
                "field": "btbh_files"
            },
            {
                "field": "skip_mb_fund_settlement"
            },
            {
                "field": "file_transfer_complete"
            }
        ],
        "output": [
            {
                "field": "merchant_upload_complete"
            },
            {
                "field": "mb_email_table"
            }
        ],
        "connector": 1088
    },
    "merchant_banking_status_email": {
        "activity_type": 7,
        "connector": 1089,
        "input": [
            {
                "field": "mb_email_table"
            }
        ]
    },
    "net_banking_download": {
        "activity_type": 5,
        "connector": 1082,
        "output": [
            {
                "field": "main_folder",
                "required": true
            },
            {
                "field": "btbh_files",
                "required": true
            },
            {
                "field": "download_complete",
                "required": true
            }
        ],
        "input": [
            {
                "field": "run_date"
            },
            {
                "field": "start_date"
            },
            {
                "field": "start_time"
            },
            {
                "field": "end_date"
            },
            {
                "field": "end_time"
            },
            {
                "field": "main_folder"
            },
            {
                "field": "stop_fos_hold_complete"
            },
            {
                "field": "btbh_files"
            },
            {
                "field": "skip_net_banking_download"
            }
        ],
        "pre_activity_rule": [
            {
                "id": 1088
            }
        ]
    },
    "remove_82950": {
        "activity_type": "5",
        "connector": 1084,
        "input": [
            {
                "field": "end_date"
            },
            {
                "field": "main_folder"
            },
            {
                "field": "btbh_files"
            },
            {
                "field": "skip_remove_82950"
            },
            {
                "field": "download_complete"
            }
        ],
        "output": [
            {
                "field": "remove_82950_complete"
            }
        ]
    },
    "stop_fos_hold": {
        "activity_type": "5",
        "connector": 1081,
        "input": [
            {
                "field": "run_date"
            },
            {
                "field": "skip_stop_fos_hold"
            }
        ],
        "output": [
            {
                "field": "stop_fos_hold_complete"
            }
        ]
    },
    "stop_fos_hold_receipt": {
        "activity_type": "5",
        "input": [
            {
                "field": "main_folder"
            },
            {
                "field": "skip_stop_fos_hold_receipt"
            },
            {
                "field": "remove_82950_complete"
            }
        ],
        "connector": 1085,
        "output": [
            {
                "field": "stop_fos_hold_receipt_complete"
            }
        ]
    },
    "user_manual_download": {
        "activity_type": "1",
        "input": [],
        "output": [
            {
                "field": "btbh_files"
            },
            {
                "field": "download_complete"
            },
            {
                "field": "retry"
            }
        ],
        "assignment_strategy": "WG",
        "assignee": "53",
        "post_activity_rule": [
            {
                "id": 1086
            }
        ],
        "pre_activity_rule": [
            {
                "id": 1085
            }
        ]
    },
    "user_manual_upload": {
        "activity_type": 1,
        "input": [],
        "assignment_strategy": "WG",
        "assignee": "53",
        "output": [
            {
                "field": "bh_upload_complete"
            },
            {
                "field": "bt_upload_complete"
            },
            {
                "field": "retry"
            }
        ],
        "pre_activity_rule": [
            {
                "id": 1085
            }
        ],
        "post_activity_rule": [
            {
                "id": 1087
            }
        ]
    }
}