{
	"elementMap": {
		"compliance_linear_email_sender": {
			"typ": "bpmn:process",
			"isExecutable": true,
			"name": "compliance_linear_email_sender"
		},
		"start_event": {
			"typ": "bpmn:startEvent",
			"name": "Start",
			"bpmn:outgoing": [
				"sequenceflow_1"
			],
			"diaBounds": {
				"x": 35,
				"y": 117
			}
		},
		"readcompliancefile": {
			"typ": "bpmn:task",
			"name": "readcompliancefile",
			"bpmn:incoming": [
				"sequenceflow_1"
			],
			"bpmn:outgoing": [
				"sequenceflow_2"
			],
			"diaBounds": {
				"x": 121,
				"y": 95
			}
		},
		"sendsuccessemail": {
			"typ": "bpmn:task",
			"name": "sendsuccessemail",
			"bpmn:incoming": [
				"flow_1"
			],
			"bpmn:outgoing": [
				"sequenceflow_3"
			],
			"diaBounds": {
				"x": 371,
				"y": 95
			}
		},
		"successnotification": {
			"typ": "bpmn:task",
			"name": "successnotification",
			"bpmn:incoming": [
				"sequenceflow_3"
			],
			"bpmn:outgoing": [
				"sequenceflow_4"
			],
			"diaBounds": {
				"x": 521,
				"y": 95
			}
		},
		"sendunsuccessemail": {
			"typ": "bpmn:task",
			"name": "sendunsuccessemail",
			"bpmn:incoming": [
				"flow_2"
			],
			"bpmn:outgoing": [
				"sequenceflow_5"
			],
			"diaBounds": {
				"x": 671,
				"y": 95
			}
		},
		"gateway_1": {
			"typ": "bpmn:exclusiveGateway",
			"name": "Gateway 1",
			"bpmn:incoming": [
				"sequenceflow_2"
			],
			"bpmn:outgoing": [
				"flow_1",
				"flow_2"
			],
			"diaBounds": {
				"x": 271,
				"y": 110
			}
		},
		"end_event": {
			"typ": "bpmn:endEvent",
			"name": "End",
			"bpmn:incoming": [
				"sequenceflow_4",
				"sequenceflow_5"
			],
			"diaBounds": {
				"x": 821,
				"y": 117
			}
		},
		"sequenceflow_1": {
			"typ": "bpmn:sequenceFlow",
			"sourceRef": "start_event",
			"targetRef": "readcompliancefile",
			"diaWayPoints": [
				{
					"x": 71,
					"y": 135
				},
				{
					"x": 121,
					"y": 135
				}
			]
		},
		"sequenceflow_2": {
			"typ": "bpmn:sequenceFlow",
			"sourceRef": "readcompliancefile",
			"targetRef": "gateway_1",
			"diaWayPoints": [
				{
					"x": 221,
					"y": 135
				},
				{
					"x": 271,
					"y": 135
				}
			]
		},
		"flow_1": {
			"typ": "bpmn:sequenceFlow",
			"condition": "$.decision == true",
			"name": "Flow 1",
			"sourceRef": "gateway_1",
			"targetRef": "sendsuccessemail",
			"diaWayPoints": [
				{
					"x": 321,
					"y": 135
				},
				{
					"x": 371,
					"y": 135
				}
			]
		},
		"flow_2": {
			"typ": "bpmn:sequenceFlow",
			"condition": "$.decision == false",
			"name": "Flow 2",
			"sourceRef": "gateway_1",
			"targetRef": "sendunsuccessemail",
			"diaWayPoints": [
				{
					"x": 296,
					"y": 160
				},
				{
					"x": 296,
					"y": 220
				},
				{
					"x": 721,
					"y": 220
				},
				{
					"x": 721,
					"y": 175
				}
			]
		},
		"sequenceflow_3": {
			"typ": "bpmn:sequenceFlow",
			"sourceRef": "sendsuccessemail",
			"targetRef": "successnotification",
			"diaWayPoints": [
				{
					"x": 471,
					"y": 135
				},
				{
					"x": 521,
					"y": 135
				}
			]
		},
		"sequenceflow_4": {
			"typ": "bpmn:sequenceFlow",
			"sourceRef": "successnotification",
			"targetRef": "end_event",
			"diaWayPoints": [
				{
					"x": 571,
					"y": 175
				},
				{
					"x": 571,
					"y": 235
				},
				{
					"x": 839,
					"y": 235
				},
				{
					"x": 839,
					"y": 153
				}
			]
		},
		"sequenceflow_5": {
			"typ": "bpmn:sequenceFlow",
			"sourceRef": "sendunsuccessemail",
			"targetRef": "end_event",
			"diaWayPoints": [
				{
					"x": 771,
					"y": 135
				},
				{
					"x": 821,
					"y": 135
				}
			]
		},
		"grp_0": {
			"typ": "bpmn:group",
			"diaBounds": {
				"x": 100,
				"y": 20,
				"width": 692,
				"height": 230
			},
			"groupLabel": "Group 1"
		}
	}
}