{
    "compliance_nsdl_rta": {
        "fields": [
            {
                "field": "sort_nsdl_rta_arr"
            }
        ]
    },
    "start": {
        "activity_type": 0,
        "default_start_event": true,
        "start_form": true,
        "buss_id_prefix": "s",
        "buss_id_value": "1"
    },
    "nsdl_rta": {
        "activity_type": 5,
        "connector": "compliance_nsdl_rta",
        "output": [
            {
                "field": "sort_nsdl_rta_arr"
            }
        ]
    }
}