{
    "compliance_email_sender": {
        "fields": [
            {
                "field": "decision"
            },
            {
                "field": "address"
            },
            {
                "field": "file"
            }
        ]
    },
    "start": {
        "activity_type": 0,
        "default_start_event": true,
        "start_form": true,
        "buss_id_prefix": "s",
        "buss_id_value": "1"
    },
    "readcompliancefile": {
        "activity_type": 5,
        "connector": "readcompliancefile",
        "output": [
            {
                "field": "file"
            },
            {
                "field": "decision"
            },
            {
                "field": "address"
            }
        ]
    },
    "sendsuccessemail": {
        "activity_type": 7,
        "connector": "complianceemailsender1",
        "output": [],
        "input": [
            {
                "field": "decision"
            },
            {
                "field": "address"
            },
            {
                "field": "file"
            }
        ]
    },
    "sendunsuccessemail": {
        "activity_type": 7,
        "connector": "emailsender"
    },
    "successnotification": {
        "activity_type": 7,
        "connector": "complianceemailsender2"
    },
    "usermanual": {
        "activity_type": 1,
        "connector": null,
        "task_title": "$.decision"
    }
}