{
    "compliance_nsdl_dp": {
        "fields": [
            {
                "field": "sortarr"
            }
        ]
    },
    "start": {
        "activity_type": 0,
        "default_start_event": true,
        "start_form": true,
        "buss_id_prefix": "s",
        "buss_id_value": "1",
        "process_title": "compliance_nsdl_dp"
    },
    "compliance_nsdl": {
        "activity_type": 5,
        "connector": "compliance_nsdl_dp",
        "output": [
            {
                "field": "sortarr"
            }
        ]
    }
}