{
    "process": {
        "fields": [
            {
                "field": "filename"
            },
            {
                "field": "subject"
            }
        ]
    },
    "start": {
        "activity_type": 0,
        "default_start_event": true,
        "start_form": true,
        "buss_id_prefix": "start",
        "buss_id_value": "start"
    },
    "emailtask": {
        "activity_type": 5,
        "connector": "emailtask",
        "output": [
            {
                "field": "filename"
            },
            {
                "field": "subject"
            }
        ]
    },
    "logfile": {
        "activity_type": 7,
        "connector": "logfile",
        "input": [
            {
                "field": "filename"
            },
            {
                "field": "subject"
            }
        ]
    }
}