{
    "margin_pledge_download_process": {
        "fields": [
            {
                "field": "pledge_repledge_folder",
                "default_value": "\\\\10.176.1.205\\Pledge_Repledge"
            },
            {
                "field": "digisign_folder",
                "default_value": "\\\\10.5.100.62\\regular updates\\KCSApps\\Lib\\DIGISIGN"
            },
            {
                "field": "copy_files_complete"
            },
            {
                "field": "encrypt_complete"
            },
            {
                "field": "send_files_complete"
            },
            {
                "field": "move_files_complete"
            },
            {
                "field": "upload_complete"
            },
            {
                "field": "skip_copy_files"
            },
            {
                "field": "skip_encrypt_files"
            },
            {
                "field": "skip_send_files"
            },
            {
                "field": "skip_move_files"
            },
            {
                "field": "mp_files"
            },
            {
                "field": "mp_mail_part_no"
            }
        ]
    },
    "cron_start": {
        "activity_type": 0,
        "start_form": true,
        "buss_id_prefix": "MarginPledge",
        "buss_id_value": "1",
        "connector": "cron",
        "input": [
            {
                "field": "skip_copy_files"
            },
            {
                "field": "skip_encrypt_files"
            },
            {
                "field": "skip_send_files"
            },
            {
                "field": "skip_move_files"
            }
        ]
    },
    "copy_files": {
        "activity_type": 5,
        "connector": 1501,
        "input": [
            {
                "field": "pledge_repledge_folder",
                "required": true
            },
            {
                "field": "digisign_folder",
                "required": true
            },
            {
                "field": "skip_copy_files"
            }
        ],
        "output": [
            {
                "field": "copy_files_complete"
            }
        ]
    },
    "encrypt_files": {
        "activity_type": 5,
        "connector": 1502,
        "input": [
            {
                "field": "pledge_repledge_folder",
                "required": true
            },
            {
                "field": "digisign_folder",
                "required": true
            },
            {
                "field": "copy_files_complete"
            },
            {
                "field": "skip_encrypt_files"
            }
        ],
        "output": [
            {
                "field": "encrypt_complete"
            }
        ]
    },
    "move_files": {
        "activity_type": 5,
        "connector": 1504,
        "input": [
            {
                "field": "pledge_repledge_folder"
            },
            {
                "field": "digisign_folder"
            },
            {
                "field": "send_files_complete"
            },
            {
                "field": "skip_move_files"
            }
        ],
        "output": [
            {
                "field": "move_files_complete"
            },
            {
                "field": "mp_files"
            }
        ]
    },
    "send_files": {
        "activity_type": 8,
        "connector": 1503,
        "input": [
            {
                "field": "skip_send_files"
            },
            {
                "field": "encrypt_complete"
            }
        ],
        "output": [
            {
                "field": "send_files_complete"
            }
        ]
    },
    "send_mail": {
        "activity_type": 8,
        "connector": 1505,
        "input": [
            {
                "field": "mp_files"
            },
            {
                "field": "mp_mail_part_no"
            }
        ],
        "pre_activity_rule": [
            {
                "id": "mp_set_mail_part_no",
                "stop_on_error": true
            }
        ]
    }
}