{
    "multiemailsender2": {
        "fields": [
            {
                "field": "attacharr"
            },
            {
                "field": "file"
            },
            {
                "field": "filearr"
            },
            {
                "field": "decision"
            },
            {
                "field": "subjarr"
            }
        ]
    },
    "start": {
        "activity_type": 0,
        "default_start_event": true,
        "start_form": true,
        "buss_id_prefix": "s",
        "buss_id_value": "1"
    },
    "emailsender": {
        "activity_type": 7,
        "connector": "emailsender",
        "input": [
            {
                "field": "attacharr"
            },
            {
                "field": "file"
            },
            {
                "field": "decision"
            },
            {
                "field": "subjarr"
            }
        ]
    },
    "filesender": {
        "activity_type": 5,
        "connector": "filesender",
        "output": [
            {
                "field": "filearr"
            },
            {
                "field": "subjarr"
            }
        ]
    },
    "subjsender": {
        "activity_type": 5,
        "connector": "subjsender",
        "input": [
            {
                "field": "filearr"
            },
            {
                "field": "subjarr"
            }
        ],
        "output": [
            {
                "field": "attacharr"
            },
            {
                "field": "file"
            },
            {
                "field": "filearr"
            },
            {
                "field": "decision"
            },
            {
                "field": "subjarr"
            }
        ]
    }
}