{
    "compliancensdldp": {
        "fields": [
            {
                "field": "dparr"
            },
            {
                "field": "sortarr"
            }
        ]
    },
    "start": {
        "activity_type": 0,
        "default_start_event": true,
        "start_form": true,
        "buss_id_prefix": "s",
        "buss_id_value": "1",
        "process_title": "nsdlcirculardpweb"
    },
    "nsdldp": {
        "activity_type": 5,
        "connector": "nsdlcircularweb",
        "output": [
            {
                "field": "sortarr"
            }
        ]
    }
}