{
	"elementMap": {
		"readfilelinear": {
			"typ": "bpmn:process",
			"isExecutable": true,
			"name": "Read File Linear"
		},
		"start_event": {
			"typ": "bpmn:startEvent",
			"name": "Start",
			"bpmn:outgoing": [
				"sequenceflow_1"
			],
			"diaBounds": {
				"x": 35,
				"y": 117
			}
		},
		"task_1": {
			"typ": "bpmn:task",
			"name": "Read File",
			"bpmn:incoming": [
				"sequenceflow_1"
			],
			"bpmn:outgoing": [
				"sequenceflow_2"
			],
			"diaBounds": {
				"x": 121,
				"y": 95
			}
		},
		"end_event": {
			"typ": "bpmn:endEvent",
			"name": "End",
			"bpmn:incoming": [
				"sequenceflow_2"
			],
			"diaBounds": {
				"x": 271,
				"y": 117
			}
		},
		"sequenceflow_1": {
			"typ": "bpmn:sequenceFlow",
			"sourceRef": "start_event",
			"targetRef": "task_1",
			"diaWayPoints": [
				{
					"x": 71,
					"y": 135
				},
				{
					"x": 121,
					"y": 135
				}
			]
		},
		"sequenceflow_2": {
			"typ": "bpmn:sequenceFlow",
			"sourceRef": "task_1",
			"targetRef": "end_event",
			"diaWayPoints": [
				{
					"x": 221,
					"y": 135
				},
				{
					"x": 271,
					"y": 135
				}
			]
		},
		"grp_0": {
			"typ": "bpmn:group",
			"diaBounds": {
				"x": 100,
				"y": 20,
				"width": 142,
				"height": 230
			},
			"groupLabel": "Group 1"
		}
	}
}