{
    "rpaexcelinputforms": {
        "fields": [
            {
                "field": "dataarr"
            }
        ]
    },
    "start1": {
        "activity_type": 0,
        "default_start_event": true,
        "start_form": true,
        "buss_id_prefix": "s",
        "buss_id_value": "1"
    },
    "activity1": {
        "activity_type": 5,
        "output": [
            {
                "field": "dataarr"
            }
        ],
        "connector": "rpa_excel"
    },
    "activity2": {
        "activity_type": 5,
        "input": [
            {
                "field": "dataarr"
            }
        ],
        "connector": "rpa_web_input_forms"
    }
}