{
    "compliance_linear_email_sender": {
        "fields": [
            {
                "field": "file"
            },
            {
                "field": "decision"
            },
            {
                "field": "attachment"
            }
        ]
    },
    "start_event": {
        "activity_type": 0,
        "buss_id_prefix": "Linear",
        "buss_id_value": 1,
        "default_start_event": true,
        "start_form": true
    },
    "readcompliancefile": {
        "activity_rule": [],
        "activity_type": "5",
        "connector": "readcompliancefile",
        "output": [
            {
                "field": "file"
            },
            {
                "field": "decision"
            },
            {
                "field": "attachment"
            }
        ]
    },
    "sendsuccessemail": {
        "activity_type": 7,
        "connector": "complianceemailsender1",
        "input": [
            {
                "field": "file"
            },
            {
                "field": "decision"
            },
            {
                "field": "attachment"
            }
        ]
    },
    "successnotification": {
        "activity_type": 7,
        "connector": "complianceemailsender2"
    }
}