{
    "volume_sms_process": {
        "fields": [
            {
                "field": "process_excel_complete"
            },
            {
                "field": "send_sms_complete"
            },
            {
                "field": "volume_sms_message"
            },
            {
                "field": "volume_sms_mobile_numbers"
            },
            {
                "field": "skip_process_excel"
            },
            {
                "field": "skip_send_sms"
            },
            {
                "field": "volume_sms_excel_time"
            }
        ],
        "send_notification": true,
        "notification_properties": {
            "recipient_email": null,
            "connector": "volume_sms_exception_mail_connector",
            "data_fields": []
        },
        "error_task_assignment_strategy": "WG",
        "error_task_assignee": "102"
    },
    "cron_start": {
        "activity_type": 0,
        "start_form": true,
        "buss_id_prefix": "VolumeSMS",
        "buss_id_value": "1",
        "process_title": "Volume SMS",
        "input": [
            {
                "field": "skip_send_sms"
            },
            {
                "field": "skip_process_excel"
            }
        ],
        "connector": "cron"
    },
    "process_excel": {
        "activity_type": 5,
        "connector": "process_excel",
        "input": [
            {
                "field": "skip_process_excel"
            },
            {
                "field": "volume_sms_excel_time"
            }
        ],
        "output": [
            {
                "field": "process_excel_complete"
            },
            {
                "field": "volume_sms_message"
            },
            {
                "field": "volume_sms_mobile_numbers"
            }
        ],
        "pre_activity_rule": [
            {
                "id": "volume_sms_excel_time_rule"
            }
        ]
    },
    "send_sms": {
        "activity_type": 5,
        "connector": "send_sms",
        "input": [
            {
                "field": "process_excel_complete",
                "required": true
            },
            {
                "field": "volume_sms_message",
                "required": true
            },
            {
                "field": "volume_sms_mobile_numbers",
                "required": true
            },
            {
                "field": "skip_send_sms"
            }
        ],
        "output": [
            {
                "field": "send_sms_complete"
            }
        ]
    }
}