{
    "sebi_enforcement_pdf_download": {
        "category": 5,
        "type": "actionabl_rpa",
        "name": "sebi_enforcement_pdf_download",
        "active": true,
        "config_dat": {
            "script_type": 4,
            "script_name": "test_custom_RPA/Compliance_Circular_HDFC/sebi/sebi_enforcement_pdf_download.js",
            "app_user": "admin",
            "app_password": "act",
            "script_params": {}
        },
        "updated_at": 1713178940235,
        "updated_by": "admin"
    },
    "sebi_media_pdf_download": {
        "category": 5,
        "type": "actionabl_rpa",
        "name": "sebi_media_pdf_download",
        "active": true,
        "config_dat": {
            "script_type": 4,
            "script_name": "test_custom_RPA/Compliance_Circular_HDFC/sebi/sebi_media_pdf_download.js",
            "app_user": "admin",
            "app_password": "act",
            "script_params": {}
        },
        "updated_at": 1713180126372,
        "updated_by": "admin"
    },
    "sebi_reports_pdf_download": {
        "category": 5,
        "type": "actionabl_rpa",
        "name": "sebi_reports_pdf_download",
        "active": true,
        "config_dat": {
            "script_type": 4,
            "script_name": "test_custom_RPA/Compliance_Circular_HDFC/sebi/sebi_reports_pdf_download.js",
            "app_user": "admin",
            "app_password": "act",
            "script_params": {}
        },
        "updated_at": 1713180866728,
        "updated_by": "admin"
    }
}