{
    "compliance_ndml_custom": {
        "category": 5,
        "type": "actionabl_rpa",
        "name": "compliance_ndml_custom",
        "active": true,
        "config_dat": {
            "script_type": 4,
            "script_name": "custom/ndml_circular1.js",
            "app_user": "admin",
            "app_password": "act",
            "script_params": {},
            "browser_params": {
                "browser_type": "chromium"
            }
        },
        "updated_at": 1710409475548,
        "updated_by": "admin"
    }
}