{
    "server": {
        "default": {
            "name": "Default",
            "http_port": 3001,
            "restart_schedule": "everyday_3am"
        },
        "http_server": {
            "name": "HTTP Server",
            "http_port": 3001,
            "restart_schedule": "everyday_3am"
        },
        "automation_server": {
            "name": "Automation Server",
            "http_port": 2999,
            "restart_schedule": "everyday_3am",
            "url": "http://localhost:2999/Actionabl/api",
            "auth_id": "api",
            "auth_token": "eyJhbGciOiJIUzI1NiIsInR5cCI6IkpXVCJ9.eyJpbmZvIjp7ImlkIjo5fSwiaWF0IjoxNjQzNzY0ODc5LCJleHAiOjI0Mjg4MDU2ODU1MTl9.HuQ87h4q03VOGYI7vDW4ZCYQ1jjhNx1eGuVdaAYlcXA"
        },
        "external_task_processor": {
            "name": "External Task Processor",
            "http_port": 2998,
            "restart_schedule": "everyday_3am",
            "custom_config": {
                "qa_rpa": {
                    "start": {
                        "type": "4",
                        "value": true
                    },
                    "url": {
                        "type": "1",
                        "value": "http://localhost:2999/Actionabl/api"
                    },
                    "auth_id": {
                        "type": "1",
                        "value": "qa_rpa"
                    },
                    "auth_token": {
                        "type": "1",
                        "value": "eyJhbGciOiJIUzI1NiIsInR5cCI6IkpXVCJ9.eyJpbmZvIjp7ImlkIjoxMTAxfSwiaWF0IjoxNjM4MzM4NTk5LCJleHAiOjQ3NjI1NDA5OTl9.Ma9RznAeyPtUSQtAbRCErrmUrXV1HHaL8TkG-Y0UhwE"
                    }
                }
            }
        },
        "agent": {
            "name": "Agent",
            "http_port": 2997,
            "restart_schedule": "everyday_3am"
        },
        "assistant": {
            "name": "Assistant",
            "http_port": 2996,
            "restart_schedule": "everyday_3am"
        },
        "agent_assistant": {
            "name": "Agent Assistant",
            "http_port": 2995,
            "restart_schedule": "everyday_3am"
        }
    }
}