{
  "btbh_upload_process-cron_start": {
    "automation_id": "cron",
    "proc_def_key": "btbh_upload_process",
    "task_key": "cron_start",
    "execution_mode": 2,
    "cron_schedule": "undefined",
    "active": true,
    "updated_at": 1647344308214,
    "updated_by": "admin"
  },
  "btbh_upload_process-stop_fos_hold": {
    "automation_id": 1081,
    "proc_def_key": "btbh_upload_process",
    "task_key": "stop_fos_hold",
    "execution_mode": 1,
    "active": true,
    "updated_at": 978287400000,
    "updated_by": "actionabl"
  },
  "btbh_upload_process-net_banking_download": {
    "automation_id": 1082,
    "proc_def_key": "btbh_upload_process",
    "task_key": "net_banking_download",
    "execution_mode": 1,
    "active": true,
    "updated_at": 978287400000,
    "updated_by": "actionabl"
  },
  "btbh_upload_process-download_status_mail": {
    "automation_id": 1083,
    "proc_def_key": "btbh_upload_process",
    "task_key": "download_status_mail",
    "execution_mode": 1,
    "active": true,
    "updated_at": 978287400000,
    "updated_by": "actionabl"
  },
  "btbh_upload_process-remove_82950": {
    "automation_id": 1084,
    "proc_def_key": "btbh_upload_process",
    "task_key": "remove_82950",
    "execution_mode": 1,
    "active": true,
    "updated_at": 978287400000,
    "updated_by": "actionabl"
  },
  "btbh_upload_process-stop_fos_hold_receipt": {
    "automation_id": 1085,
    "proc_def_key": "btbh_upload_process",
    "task_key": "stop_fos_hold_receipt",
    "execution_mode": 1,
    "active": true,
    "updated_at": 978287400000,
    "updated_by": "actionabl"
  },
  "btbh_upload_process-dcp_team_mail": {
    "automation_id": 1086,
    "proc_def_key": "btbh_upload_process",
    "task_key": "dcp_team_mail",
    "execution_mode": 1,
    "active": true,
    "updated_at": 978287400000,
    "updated_by": "actionabl"
  },
  "btbh_upload_process-file_transfer": {
    "automation_id": 1087,
    "proc_def_key": "btbh_upload_process",
    "task_key": "file_transfer",
    "execution_mode": 1,
    "active": true,
    "updated_at": 978287400000,
    "updated_by": "actionabl"
  },
  "btbh_upload_process-mb_fund_settlement": {
    "automation_id": 1088,
    "proc_def_key": "btbh_upload_process",
    "task_key": "mb_fund_settlement",
    "execution_mode": 1,
    "active": true,
    "updated_at": 978287400000,
    "updated_by": "actionabl"
  },
  "btbh_upload_process-merchant_banking_status_email": {
    "automation_id": 1089,
    "proc_def_key": "btbh_upload_process",
    "task_key": "merchant_banking_status_email",
    "execution_mode": 1,
    "active": true,
    "updated_at": 978287400000,
    "updated_by": "actionabl"
  },
  "btbh_upload_process-bt_fund_settlement": {
    "automation_id": 1090,
    "proc_def_key": "btbh_upload_process",
    "task_key": "bt_fund_settlement",
    "execution_mode": 1,
    "active": true,
    "updated_at": 978287400000,
    "updated_by": "actionabl"
  },
  "btbh_upload_process-bh_fund_settlement": {
    "automation_id": 1091,
    "proc_def_key": "btbh_upload_process",
    "task_key": "bh_fund_settlement",
    "execution_mode": 1,
    "active": true,
    "updated_at": 978287400000,
    "updated_by": "actionabl"
  },
  "btbh_upload_process-btbh_upload_status_mail": {
    "automation_id": 1092,
    "proc_def_key": "btbh_upload_process",
    "task_key": "btbh_upload_status_mail",
    "execution_mode": 1,
    "active": true,
    "updated_at": 978287400000,
    "updated_by": "actionabl"
  }
}
