{
    "1081": {
        "category": 5,
        "type": "actionabl_rpa",
        "name": "Stop Fos Hold",
        "config_dat": {
            "script_type": 4,
            "script_name": "custom/stop_hold_fos.js",
            "app_path": "\\\\10.176.1.205\\BancsSP11\\sp_64.exe",
            "user": "H0266",
            "password": "Hsl@77777",
            "script_params": {
                "user": {
                    "type": 1,
                    "value": "H0266"
                },
                "password": {
                    "type": 1,
                    "value": "Vivek@1234"
                }
            },
            "app_user": "admin",
            "app_password": "act"
        },
        "active": true,
        "updated_at": 1647344834254,
        "updated_by": "admin",
        "retry_count": 1
    },
    "1082": {
        "category": 5,
        "type": "actionabl_rpa",
        "name": "Net Banking Download",
        "retry_count": 1,
        "config_dat": {
            "script_type": 1,
            "script_name": "Web/rule/net_banking_download.js",
            "app_path": "https://netbanking.hdfcbank.com/netbanking/",
            "browser_params": {
                "browser_type": "chromium",
                "accept_downloads": true,
                "store_state": true
            },
            "script_params": {
                "cust_id": {
                    "type": 1,
                    "value": 27329787
                },
                "main_cust_id": {
                    "type": 1,
                    "value": 756578
                },
                "merch_cust_id": {
                    "type": 1,
                    "value": 11016510
                },
                "password_cust": {
                    "type": 1,
                    "value": "GANESH999"
                },
                "password_main_cust": {
                    "type": 1,
                    "value": "HSL@4444"
                },
                "password_merch_cust": {
                    "type": 1,
                    "value": "Hsl@4444"
                }
            },
            "app_user": "admin",
            "app_password": "act"
        },
        "active": true,
        "updated_at": 1648536534911,
        "updated_by": "admin"
    },
    "1083": {
        "category": 7,
        "type": "send_email",
        "name": "Send Download Status Mail3",
        "icon": "Email.svg",
        "icon_type": 2,
        "config_dat": {
            "email_account": 181,
            "email_template": 183,
            "email_type": 2
        },
        "active": true,
        "updated_at": 1657609793327,
        "updated_by": "admin"
    },
    "1084": {
        "category": 5,
        "type": "actionabl_rpa",
        "name": "Remove 82950 ",
        "config_dat": {
            "script_type": 4,
            "script_name": "custom/remove_82950.js",
            "script_params": []
        },
        "active": true,
        "updated_at": 978287400000,
        "updated_by": "actionabl"
    },
    "1085": {
        "category": 5,
        "type": "actionabl_rpa",
        "name": "Stop Fos Hold Receipt",
        "config_dat": {
            "script_type": 4,
            "script_name": "custom/hold_receipt.js",
            "app_path": "\\\\10.176.1.205\\BancsSP11\\sp_64.exe",
            "script_params": {
                "user": {
                    "type": 1,
                    "value": "H0266"
                },
                "password": {
                    "type": 1,
                    "value": "Hsl@77777"
                }
            }
        },
        "active": true,
        "updated_at": 1647339089799,
        "updated_by": "admin",
        "retry_count": 1
    },
    "1086": {
        "category": 7,
        "type": "send_email",
        "name": "Send Mail to DPC Team",
        "icon": "Email.svg",
        "icon_type": 2,
        "config_dat": {
            "email_account": 181,
            "email_template": 182,
            "email_type": 2
        },
        "active": true,
        "updated_at": 978287400000,
        "updated_by": "actionabl"
    },
    "1087": {
        "category": 5,
        "type": "actionabl_rpa",
        "name": "File Transfer",
        "config_dat": {
            "script_type": 4,
            "script_name": "custom/file_transfer.js",
            "app_path": "\\\\10.176.1.205\\BancsSP11\\sp_64.exe",
            "user": "H0266",
            "password": "Hsl@77777",
            "script_params": {
                "user": {
                    "type": 1,
                    "value": "H0266"
                },
                "password": {
                    "type": 1,
                    "value": "Hsl@77777"
                }
            }
        },
        "active": true,
        "updated_at": 1642865264271,
        "updated_by": "admin",
        "retry_count": 1
    },
    "1088": {
        "category": 5,
        "type": "actionabl_rpa",
        "name": "MB Fund Settlement",
        "config_dat": {
            "script_type": 4,
            "script_name": "custom/fund_settlement.js",
            "app_path": "\\\\10.176.1.205\\BancsSP11\\sp_64.exe",
            "user": "H0266",
            "password": "Hsl@77777",
            "script_params": {
                "user": {
                    "type": 1,
                    "value": "H0266"
                },
                "password": {
                    "type": 1,
                    "value": "Hsl@77777"
                }
            }
        },
        "active": true,
        "updated_at": 1642865426845,
        "updated_by": "admin",
        "retry_count": 1
    },
    "1089": {
        "category": 7,
        "type": "send_email",
        "name": "Send Merchant Banking Status Mail",
        "icon": "Email.svg",
        "icon_type": 2,
        "config_dat": {
            "email_account": 181,
            "email_template": 184,
            "email_type": 2
        },
        "active": true,
        "updated_at": 978287400000,
        "updated_by": "actionabl"
    },
    "1090": {
        "category": 5,
        "type": "actionabl_rpa",
        "name": "BT Fund Settlement",
        "config_dat": {
            "script_type": 4,
            "script_name": "custom/BT_fund_settlement.js",
            "app_path": "\\\\10.176.1.205\\BancsSP11\\sp_64.exe",
            "user": "H0266",
            "password": "Hsl@77777",
            "script_params": {
                "user": {
                    "type": 1,
                    "value": "H0266"
                },
                "password": {
                    "type": 1,
                    "value": "Hsl@77777"
                }
            }
        },
        "active": true,
        "updated_at": 1642865612273,
        "updated_by": "admin",
        "retry_count": 1
    },
    "1091": {
        "category": 5,
        "type": "actionabl_rpa",
        "name": "BH Fund Settlement",
        "config_dat": {
            "script_type": 4,
            "script_name": "custom/BH_fund_settlement.js",
            "app_path": "\\\\10.176.1.205\\BancsSP11\\sp_64.exe",
            "script_params": {
                "user": {
                    "type": 1,
                    "value": "H0266"
                },
                "password": {
                    "type": 1,
                    "value": "Hsl@77777"
                }
            }
        },
        "active": true,
        "updated_at": 1642865688606,
        "updated_by": "admin",
        "retry_count": 1
    },
    "1092": {
        "category": 7,
        "type": "send_email",
        "name": "Send BTBH Upload Status Mail",
        "icon": "Email.svg",
        "icon_type": 2,
        "config_dat": {
            "email_account": 181,
            "email_template": 185,
            "email_type": 2
        },
        "active": true,
        "updated_at": 978287400000,
        "updated_by": "actionabl"
    }
}