{
	"181": {
		"name": "Run Time Decision Def",
		"category": 2,
		"config_dat": [
			{
				"field_name": "run_date",
				"field_title": "Run Date",
				"type": 5,
				"input": true
			},
			{
				"field_name": "start_date",
				"field_title": "Start Date",
				"type": 5
			},
			{
				"field_name": "start_time",
				"field_title": "Start Time",
				"type": 7
			},
			{
				"field_name": "end_date",
				"field_title": "End Date",
				"type": 5
			},
			{
				"field_name": "end_time",
				"field_title": "End Time",
				"type": 7
			}
		],
		"active": true,
		"updated_at": 978287400000,
		"updated_by": "actionabl"
	}
}