{
    "181": {
        "type": 181,
        "name": "Run Time Decision",
        "source": 1,
        "config_dat": [
            {
                "run_date": 1647843047000,
                "start_date": 1647497452000,
                "start_time": 1647862800838,
                "end_date": 1647843073000,
                "end_time": 1647862800596
            },
            {
                "start_time": 42000000,
                "end_time": 42000000
            }
        ],
        "active": true,
        "updated_at": 1647843107760,
        "updated_by": "admin"
    }
}