{
	"main_folder": {
		"type": 1,
		"name": "Main Folder",
		"active": true,
		"updated_at": 978287400000,
		"updated_by": "actionabl"
	},
	"start_date": {
		"type": 5,
		"name": "Start Date",
		"active": true,
		"updated_at": 978287400000,
		"updated_by": "actionabl"
	},
	"start_time": {
		"type": 7,
		"name": "Start Time",
		"active": true,
		"updated_at": 978287400000,
		"updated_by": "actionabl"
	},
	"end_date": {
		"type": 5,
		"name": "End Date",
		"active": true,
		"updated_at": 978287400000,
		"updated_by": "actionabl"
	},
	"end_time": {
		"type": 7,
		"name": "End Time",
		"active": true,
		"updated_at": 978287400000,
		"updated_by": "actionabl"
	},
	"stop_fos_hold_complete": {
		"type": 4,
		"name": "Stop Fos Hold Complete",
		"active": true,
		"updated_at": 978287400000,
		"updated_by": "actionabl"
	},
	"stop_fos_hold_receipt_complete": {
		"type": 4,
		"name": "Stop Fos Hold Receipt Complete",
		"active": true,
		"updated_at": 978287400000,
		"updated_by": "actionabl"
	},
	"download_complete": {
		"type": 4,
		"name": "All Download Complete",
		"active": true,
		"updated_at": 978287400000,
		"updated_by": "actionabl"
	},
	"merchant_upload_complete": {
		"type": 4,
		"name": "Merchant File Upload Complete",
		"active": true,
		"updated_at": 978287400000,
		"updated_by": "actionabl"
	},
	"bt_upload_complete": {
		"type": 4,
		"name": "BT File Upload Complete",
		"active": true,
		"updated_at": 978287400000,
		"updated_by": "actionabl"
	},
	"bh_upload_complete": {
		"type": 4,
		"name": "BH File Upload Complete",
		"active": true,
		"updated_at": 978287400000,
		"updated_by": "actionabl"
	},
	"upload_complete": {
		"type": 4,
		"name": "All Upload Complete",
		"active": true,
		"updated_at": 978287400000,
		"updated_by": "actionabl"
	},
	"skip_stop_fos_hold": {
		"type": 4,
		"name": "Skip Stop FOS Hold",
		"active": true,
		"updated_at": 978287400000,
		"updated_by": "actionabl"
	},
	"skip_stop_fos_hold_receipt": {
		"type": 4,
		"name": "Skip Stop FOS Hold Receipt",
		"active": true,
		"updated_at": 978287400000,
		"updated_by": "actionabl"
	},
	"skip_net_banking_download": {
		"type": 4,
		"name": "Skip Net Banking Download",
		"active": true,
		"updated_at": 978287400000,
		"updated_by": "actionabl"
	},
	"skip_remove_82950": {
		"type": 4,
		"name": "Skip Remove 82950",
		"active": true,
		"updated_at": 978287400000,
		"updated_by": "actionabl"
	},
	"skip_file_transfer": {
		"type": 4,
		"name": "Skip File Transfer",
		"active": true,
		"updated_at": 978287400000,
		"updated_by": "actionabl"
	},
	"skip_mb_fund_settlement": {
		"type": 4,
		"name": "Skip MB Fund Settlement",
		"active": true,
		"updated_at": 978287400000,
		"updated_by": "actionabl"
	},
	"skip_bt_fund_settlement": {
		"type": 4,
		"name": "Skip BT Fund Settlement",
		"active": true,
		"updated_at": 978287400000,
		"updated_by": "actionabl"
	},
	"skip_bh_fund_settlement": {
		"type": 4,
		"name": "Skip BH Fund Settlement",
		"active": true,
		"updated_at": 978287400000,
		"updated_by": "actionabl"
	},
	"client_id": {
		"type": 1,
		"name": "Client Id",
		"active": true,
		"updated_at": 978287400000,
		"updated_by": "actionabl"
	},
	"client_name": {
		"type": 1,
		"name": "Client Name",
		"active": true,
		"updated_at": 978287400000,
		"updated_by": "actionabl"
	},
	"merchant_ref_no": {
		"type": 1,
		"name": "Merchant Ref No.",
		"active": true,
		"updated_at": 978287400000,
		"updated_by": "actionabl"
	},
	"bo_amount": {
		"type": 1,
		"name": "BO Amount",
		"active": true,
		"updated_at": 978287400000,
		"updated_by": "actionabl"
	},
	"bank_amount": {
		"type": 1,
		"name": "Bank Amount",
		"active": true,
		"updated_at": 978287400000,
		"updated_by": "actionabl"
	},
	"account_no": {
		"type": 1,
		"name": "Account No",
		"active": true,
		"updated_at": 978287400000,
		"updated_by": "actionabl"
	},
	"failure_reason": {
		"type": 1,
		"name": "Failure Reason",
		"active": true,
		"updated_at": 978287400000,
		"updated_by": "actionabl"
	},
	"file_status": {
		"type": 1,
		"name": "File Status",
		"control_type": 3,
		"config_dat": {
			"values": [
				{
					"display": "Download Error",
					"value": "Download Error"
				},
				{
					"display": "Upload Error",
					"value": "Upload Error"
				},
				{
					"display": "Downloaded Successfully",
					"value": "Downloaded Successfully"
				},
				{
					"display": "Uploaded Successfully",
					"value": "Uploaded Successfully"
				}
			],
			"default": null
		},
		"active": true,
		"updated_at": 978287400000,
		"updated_by": "actionabl"
	},
	"btbh_files": {
		"type": 8,
		"name": "BTBH Files",
		"is_list": true,
		"config_dat": [
			{
				"id": "file_name"
			},
			{
				"id": "file_status"
			},
			{
				"id": "message"
			}
		],
		"active": true,
		"updated_at": 978287400000,
		"updated_by": "actionabl"
	},
	"mb_email_table": {
		"type": 8,
		"name": "MB Email Table",
		"is_list": true,
		"config_dat": [
			{
				"id": "client_id"
			},
			{
				"id": "client_name"
			},
			{
				"id": "merchant_ref_no"
			},
			{
				"id": "bo_amount"
			},
			{
				"id": "bank_amount"
			},
			{
				"id": "account_no"
			},
			{
				"id": "failure_reason"
			}
		],
		"active": true,
		"updated_at": 978287400000,
		"updated_by": "actionabl"
	}
}