{
    "1081": {
        "category": 1,
        "type": 3,
        "name": "Stop Fos Hold Complete",
        "config_dat": [{
            "condition": "$.stop_fos_hold_complete !== true",
            "action": "throw \"Could not complete Stop Fos Hold\""
        }],
        "active": true,
        "updated_at": 978287400000,
        "updated_by": "actionabl"
    },
    "1082": {
        "category": 1,
        "type": 3,
        "name": "Merchant File Upload Complete",
        "config_dat": [{
            "condition": "$.merchant_upload_complete !== true",
            "action": "throw \"Could not upload merchant file\""
        }],
        "active": true,
        "updated_at": 978287400000,
        "updated_by": "actionabl"
    },
    "1083": {
        "category": 1,
        "type": 4,
        "name": "Attach Merchant Process log",
        "config_dat": {
            "script": "$.attachments = [ { filename: 'Merchant_Process_log.xlsx', path: $.main_folder + '/MB/Merchant_Process_log.xlsx' } ]"
        },
        "active": true,
        "updated_at": 978287400000,
        "updated_by": "actionabl"
    },
    "1084": {
        "category": 1,
        "type": 4,
        "name": "Create Status List",
        "config_dat": {
            "script": "let files = $.btbh_files;\r\nlet statusList = [];\r\nif (files != null) {\r\n    for (let file of files) {\r\n        let status = { 'File Name': file.file_name, 'Status': file.file_status };\r\n        if (file.message != null) status.Error = file.message;\r\n        statusList.push(status);\r\n    }\r\n    $.btbh_files = statusList;\r\n}"
        },
        "active": true,
        "updated_at": 978287400000,
        "updated_by": "actionabl"
    },
    "1085": {
        "category": 1,
        "type": 3,
        "name": "Reset Retry",
        "config_dat": [{
            "condition": "$.retry != null",
            "action": "$.retry == null"
        }],
        "active": true,
        "updated_at": 978287400000,
        "updated_by": "actionabl"
    },
    "1086": {
        "category": 1,
        "type": 3,
        "name": "Manual Download Complete",
        "config_dat": [{
            "condition": "$.download_complete !== true && $.retry !== true",
            "action": "throw \"Complete the download manually OR retry the download\""
        }],
        "active": true,
        "updated_at": 978287400000,
        "updated_by": "actionabl"
    },
    "1087": {
        "category": 1,
        "type": 3,
        "name": "Manual Upload Complete",
        "config_dat": [{
            "condition": "!(($.bt_upload_complete === true && $.bh_upload_complete === true) || $.retry === true)",
            "action": "throw \"Complete the upload manually OR retry the download\""
        }],
        "active": true,
        "updated_at": 978287400000,
        "updated_by": "actionabl"
    },
    "1088": {
        "category": 1,
        "type": 4,
        "name": "Determine Download Times",
        "config_dat": {
            "script": "if ($.run_date == null) {\n    $.run_date = Date.now();\n}\n\nlet runDate = $.run_date;\n\nif ($.start_date == null) {\n    let dt = new Date(runDate);\n    let dayNo = dt.getDay();\n\n    if (dayNo == 1) {\n        dt.setDate(dt.getDate() - 3);\n    } else if (dayNo == 0) {\n        dt.setDate(dt.getDate() - 2);\n    } else {\n        dt.setDate(dt.getDate() - 1);\n    }\n    $.start_date = dt;\n}\n\nif ($.end_date == null) {\n    $.end_date = runDate;\n}\n\nlet dt = new Date($.end_date);\nlet day = dt.getDate();\nif (day <= 9) day = '0' + day;\nlet month = (dt.getMonth() + 1);\nif (month <= 9) month = '0' + month;\nlet year = dt.getFullYear();\nlet endDt = year + '-' + month + '-' + day;\n\nif (!$.main_folder.endsWith(endDt)) {\n    $.main_folder = $.main_folder +'/'+ endDt;\n}\n\nlet rslt = await modules.bfs.ensureFolder($.main_folder);\nif (rslt.rc != 0) {\n    throw rslt.msg;\n}\n\nconsole.log('run_date ' + new Date($.run_date));\nconsole.log('start_date ' + new Date($.start_date));\nconsole.log('end_date ' + new Date($.end_date));\nconsole.log('main_folder ' + $.main_folder);"
        },
        "active": true,
        "updated_at": 978287400000,
        "updated_by": "actionabl"
    },
    "1089": {
        "category": 1,
        "type": 4,
        "name": "Check Start Parameters",
        "config_dat": {
            "script": "if ($.start_date != null) {\n    let messages = [];\n    if ($.start_time == null) messages.push('Start Time is required');\n    if ($.end_date == null) messages.push('End Date is required');\n    if ($.end_time == null) messages.push('End Time is required');\n    if (messages.length > 0) $.messages = messages;\n}"
        },
        "active": true,
        "updated_at": 978287400000,
        "updated_by": "actionabl"
    }
}