{
  "181": {
    "type": 1,
    "name": "BTBH Email Account",
    "config_dat": {
      "user": "onlineops@hdfcsesc.com",
      "password": null,
      "tls": false,
      "ssl": false,
      "incoming_server": {
        "host": "10.176.4.16",
        "port": 993,
        "protocol": "pop3"
      },
      "outgoing_server": {
        "host": "10.176.4.16",
        "port": 25
      }
    },
    "active": true,
    "updated_at": 1647256167372,
    "updated_by": "admin"
  },
  "182": {
    "type": 2,
    "name": "DPC Team Mail",
    "config_dat": {
      "recipient_email": "harshad.malushte@hdfcsec.com",
      "cc_email": "talak.soni@hdfcsec.com",
      "email_subject": "Run Matrix EOD Process",
      "html_email": true,
      "body_template": "hdfc-btbh-upload.html",
      "body_type": "mailgen",
      "body": {
        "greeting": "Hello",
        "recipient_name": "All",
        "intro": [
          {
            "value": "Kindly proceed with Matrix EOD process"
          }
        ],
        "signature": "Regards, <br /> Team Actionabl"
      }
    },
    "active": true,
    "updated_at": 1647255904697,
    "updated_by": "admin"
  },
  "183": {
    "type": 2,
    "name": "Download Status Mail",
    "config_dat": {
      "recipient_email": "harshad.malushte@hdfcsec.com",
      "cc_email": "talak.soni@hdfcsec.com",
      "email_subject": "BTBH download status for {{data_format:dd-MM-yyyy}}",
      "html_email": true,
      "body_template": "hdfc-btbh-upload.html",
      "body_type": "mailgen",
      "body": {
        "greeting": "Hello",
        "recipient_name": "All",
        "intro": [
          {
            "value": "Please see below the BTBH download status for {{data_format:dd-MM-yyyy}}."
          }
        ],
        "outro": [
          {
            "value": "All files downloaded successfully? : {{download_complete}}"
          }
        ],
        "table": "{{btbh_files}}",
        "signature": "Regards, <br /> Team Actionabl"
      }
    },
    "active": true,
    "updated_at": 1647255609354,
    "updated_by": "admin"
  },
  "184": {
    "type": 2,
    "name": "Merchant Banking Status Mail",
    "config_dat": {
      "recipient_email": "harshad.malushte@hdfcsec.com",
      "cc_email": "talak.soni@hdfcsec.com",
      "email_subject": "Merchant Banking Receipt Entry",
      "html_email": true,
      "body_template": "hdfc-btbh-upload.html",
      "body_type": "mailgen",
      "body": {
        "greeting": "Hello",
        "recipient_name": "All",
        "intro": [
          {
            "value": "Today there was mismatch in Merchant Bank Reconciliation."
          },
          {
            "value": "Request you to please pass receipt entry for same as per attached detail"
          }
        ],
        "table": "{{mb_email_table}}",
        "signature": "Regards, <br /> Team Actionabl"
      }
    },
    "active": true,
    "updated_at": 1647255664782,
    "updated_by": "admin"
  },
  "185": {
    "type": 2,
    "name": "BTBH Upload Status Mail",
    "config_dat": {
      "recipient_email": "harshad.malushte@hdfcsec.com",
      "cc_email": "talak.soni@hdfcsec.com",
      "email_subject": "BTBH upload status for {{data_format:dd-MM-yyyy}}",
      "html_email": true,
      "body_template": "hdfc-btbh-upload.html",
      "body_type": "mailgen",
      "body": {
        "greeting": "Hello",
        "recipient_name": "All",
        "intro": [
          {
            "value": "Please see below the BTBH upload status for {{data_format:dd-MM-yyyy}}"
          }
        ],
        "outro": [
          {
            "value": "BT files uploaded successfully? : {{bt_upload_complete}}"
          },
          {
            "value": "BH files uploaded successfully? : {{bh_upload_complete}}"
          }
        ],
        "signature": "Regards, <br /> Team Actionabl"
      }
    },
    "active": true,
    "updated_at": 1647256020676,
    "updated_by": "admin"
  }
}
