{
    "delete_dir": {
        "category": 5,
        "type": "actionabl_rpa",
        "name": "delete_dir",
        "active": true,
        "retry_count": 1,
        "config_dat": {
            "script_type": 4,
            "script_name": "test/test.js",
            "script_params": {},
            "app_user": "admin",
            "app_password": "act"
        },
        "updated_at": 1704283841137,
        "updated_by": "admin"
    },
    "ensure_dir": {
        "category": 5,
        "type": "actionabl_rpa",
        "name": "ensure_dir",
        "active": true,
        "retry_count": 1,
        "config_dat": {
            "script_type": 4,
            "script_name": "test/test.js",
            "script_params": {}
        },
        "updated_at": 1704344226913,
        "updated_by": "admin"
    },
    "file_stats": {
        "category": 5,
        "type": "actionabl_rpa",
        "name": "file_stats",
        "active": true,
        "retry_count": 1,
        "config_dat": {
            "script_type": 4,
            "script_name": "test/test.js",
            "script_params": {}
        },
        "updated_at": 1704344884810,
        "updated_by": "admin"
    },
    "file_exists": {
        "category": 5,
        "type": "actionabl_rpa",
        "name": "file_exists",
        "active": true,
        "retry_count": 1,
        "config_dat": {
            "script_type": 4,
            "script_name": "test/test.js",
            "script_params": {}
        },
        "updated_at": 1704345299260,
        "updated_by": "admin"
    },
    "append_data": {
        "category": 5,
        "type": "actionabl_rpa",
        "name": "append_data",
        "active": true,
        "retry_count": 1,
        "config_dat": {
            "script_type": 4,
            "script_name": "test/test.js",
            "app_password": "act",
            "script_params": {}
        },
        "updated_at": 1704347698794,
        "updated_by": "admin"
    },
    "create_excel": {
        "category": 5,
        "type": "actionabl_rpa",
        "name": "create_excel",
        "active": true,
        "retry_count": 1,
        "config_dat": {
            "script_type": 4,
            "script_name": "test_excel/testExcel.js",
            "script_params": {},
            "app_user": "admin",
            "app_password": "act"
        },
        "updated_at": 1704351527914,
        "updated_by": "admin"
    },
    "add_excel": {
        "category": 5,
        "type": "actionabl_rpa",
        "name": "add_excel",
        "active": true,
        "retry_count": 1,
        "config_dat": {
            "script_type": 4,
            "script_name": "test_excel/testExcel.js",
            "script_params": {}
        },
        "updated_at": 1704358139076,
        "updated_by": "admin"
    },
    "open_excel": {
        "category": 5,
        "type": "actionabl_rpa",
        "name": "open_excel",
        "active": true,
        "retry_count": 1,
        "config_dat": {
            "script_type": 4,
            "script_name": "test_excel/testExcel.js",
            "app_user": "admin",
            "app_password": "act",
            "script_params": {}
        },
        "updated_at": 1704359102069,
        "updated_by": "admin"
    },
    "fill_excel": {
        "category": 5,
        "type": "actionabl_rpa",
        "name": "fill_excel",
        "active": true,
        "retry_count": 1,
        "config_dat": {
            "script_type": 4,
            "script_name": "test_excel/testExcel.js",
            "app_user": "admin",
            "app_password": "act",
            "script_params": {}
        },
        "updated_at": 1704359953462,
        "updated_by": "admin"
    },
    "range_excel": {
        "category": 5,
        "type": "actionabl_rpa",
        "name": "range_excel",
        "active": true,
        "retry_count": 1,
        "config_dat": {
            "user": "admin",
            "password": "act",
            "script_type": 4,
            "script_name": "test_excel/testExcel.js",
            "app_user": "admin",
            "app_password": "act",
            "script_params": {}
        },
        "updated_at": 1704362181752,
        "updated_by": "admin"
    },
    "read_excel": {
        "category": 5,
        "type": "actionabl_rpa",
        "name": "read_excel",
        "active": true,
        "retry_count": 1,
        "config_dat": {
            "script_type": 4,
            "script_name": "test_excel/testExcel.js",
            "app_user": "admin",
            "app_password": "act",
            "script_params": {}
        },
        "updated_at": 1704362751902,
        "updated_by": "admin"
    },
    "add_worksheet_excel": {
        "category": 5,
        "type": "actionabl_rpa",
        "name": "add_worksheet_excel",
        "active": true,
        "retry_count": 1,
        "config_dat": {
            "script_type": 4,
            "script_name": "test_excel/testExcel.js",
            "app_user": "admin",
            "app_password": "act",
            "script_params": {}
        },
        "updated_at": 1704363921350,
        "updated_by": "admin"
    },
    "connect_window": {
        "category": 5,
        "type": "actionabl_rpa",
        "name": "connect_window",
        "active": true,
        "retry_count": 1,
        "config_dat": {
            "script_type": 2,
            "script_name": "test_windows_RPA/test_windows_rpa_withdrawl.js",
            "script_params": {},
            "app_user": "admin",
            "app_password": "act"
        },
        "updated_at": 1710995963014,
        "updated_by": "admin"
    },
    "splitdeposit_win_rpa": {
        "category": 5,
        "type": "actionabl_rpa",
        "name": "splitdeposit_win_rpa",
        "active": true,
        "retry_count": 1,
        "config_dat": {
            "script_type": 2,
            "script_name": "test_windows_RPA/test_windows_rpa_splitdeposit.js",
            "script_params": {}
        },
        "updated_at": 1704435187125,
        "updated_by": "admin"
    },
    "marksheet": {
        "category": 5,
        "type": "actionabl_rpa",
        "name": "marksheet",
        "active": true,
        "retry_count": 1,
        "config_dat": {
            "script_type": 4,
            "script_name": "test_excel/marksheet.js",
            "script_params": {},
            "app_user": "admin",
            "app_password": "act"
        },
        "updated_at": 1704685774409,
        "updated_by": "admin"
    },
    "excel_extraction": {
        "category": 5,
        "type": "actionabl_rpa",
        "name": "excel_extraction",
        "active": true,
        "retry_count": 1,
        "config_dat": {
            "script_type": 2,
            "script_name": "test_windows_RPA/test_windows_rpa_excel_extraction.js",
            "script_params": {}
        },
        "updated_at": 1704777776962,
        "updated_by": "admin"
    },
    "swaglab": {
        "category": 5,
        "type": "actionabl_rpa",
        "name": "swaglab",
        "active": true,
        "config_dat": {
            "script_type": 1,
            "script_name": "test_web_RPA/swaglab.js",
            "app_user": "admin",
            "app_password": "act",
            "script_params": {},
            "browser_params": {
                "browser_type": "chromium",
                "store_state": true
            }
        },
        "updated_at": 1704880568554,
        "updated_by": "admin"
    },
    "swaglab_v1": {
        "category": 5,
        "type": "actionabl_rpa",
        "name": "swaglab_v1",
        "active": true,
        "updated_at": 1704883742363,
        "updated_by": "admin",
        "config_dat": {
            "script_type": 1,
            "script_name": "test_web_RPA/swaglabv1.js",
            "app_user": "admin",
            "app_password": "*******",
            "script_params": {},
            "browser_params": {
                "browser_type": "chromium",
                "store_state": true
            },
            "app_password_hidden": "act"
        }
    },
    "rapchallenge1": {
        "category": 5,
        "type": "actionabl_rpa",
        "name": "rpachallenge1",
        "active": true,
        "config_dat": {
            "script_type": 1,
            "script_name": "test_web_RPA/rpaChallenge.js",
            "script_params": {},
            "browser_params": {
                "browser_type": "chromium",
                "store_state": true
            },
            "app_user": "admin",
            "app_password": "act"
        },
        "updated_at": 1704967091470,
        "updated_by": "admin"
    }
}