{
    "multiemailsender1-filesender": {
        "schedule_type": "process",
        "proc_def_key": "multiemailsender1",
        "task_key": "filesender",
        "automation_id": "filesender",
        "execution_mode": 1,
        "active": true,
        "updated_at": 1706503447794,
        "updated_by": "admin"
    },
    "multiemailsender1-subjsender": {
        "schedule_type": "process",
        "proc_def_key": "multiemailsender1",
        "task_key": "subjsender",
        "automation_id": "subjsender",
        "execution_mode": 1,
        "active": true,
        "updated_at": 1706503447841,
        "updated_by": "admin"
    },
    "multiemailsender1-email": {
        "schedule_type": "process",
        "proc_def_key": "multiemailsender1",
        "task_key": "email",
        "automation_id": "logfile",
        "execution_mode": 1,
        "active": true,
        "updated_at": 1706503447882,
        "updated_by": "admin"
    }
}