{
    "bod_import-import_process": {
        "proc_def_key": "bod_import",
        "task_key": "import_process",
        "automation_id": "bod_import_files",
        "execution_mode": 1,
        "active": true,
        "updated_at": 1665129665579,
        "updated_by": "admin"
    },
    "bod_import-bod_import_txn": {
        "proc_def_key": "bod_import",
        "task_key": "bod_import_txn",
        "automation_id": "bod_import_txn",
        "execution_mode": 1,
        "active": true,
        "updated_at": 1665129665592,
        "updated_by": "admin"
    },
    "bod_import-bod_import_reconciliation": {
        "proc_def_key": "bod_import",
        "task_key": "bod_import_reconciliation",
        "automation_id": "rimport_reconciliation",
        "execution_mode": 1,
        "active": true,
        "updated_at": 1665129665604,
        "updated_by": "admin"
    },
    "bod_import-bod_send_reconciliation_mail": {
        "automation_id": "bod_recon_success_mail",
        "proc_def_key": "bod_import",
        "task_key": "bod_send_reconciliation_mail",
        "execution_mode": 1,
        "active": true,
        "updated_at": 1666172909780,
        "updated_by": "admin"
    }
}