{
    "bod_import_files": {
        "category": 7,
        "type": "code",
        "name": "BOD Import Master files",
        "active": true,
        "config_dat": {
            "script_type": 4,
            "script_name": "BOD Import/importMasterToDPSecure.js",
            "script_params": {
                "userName": {
                    "type": 1,
                    "value": "RPAUSER"
                },
                "passWord": {
                    "type": 1,
                    "value": "hsl@1111"
                }
            }
        },
        "updated_at": 1666185973146,
        "updated_by": "admin",
        "retry_count": 0
    },
    "bod_import_txn": {
        "category": 7,
        "type": "code",
        "name": "BOD Import Transaction files",
        "active": true,
        "updated_at": 1665641640381,
        "updated_by": "admin",
        "config_dat": {
            "script_type": 4,
            "script_name": "BOD Import/importTxnToDPSecure.js",
            "script_params": {}
        },
        "retry_count": 0
    },
    "rimport_reconciliation": {
        "category": 7,
        "type": "code",
        "name": "Import Reconciliation",
        "active": true,
        "config_dat": {
            "script_name": "BOD Import/importReconciliation.js",
            "script_params": {}
        },
        "updated_at": 1665641617954,
        "updated_by": "admin"
    },
    "bod_recon_success_mail": {
        "category": 7,
        "type": "send_email",
        "name": "BOD Reconciliation Success Mail",
        "active": true,
        "config_dat": {
            "email_account": "cml_email_account",
            "email_template": "bod_import_success_template",
            "email_type": 2
        },
        "updated_at": 1666165130985,
        "updated_by": "admin"
    }
}