{
    "url_file_path": {
        "name": "URL FIle Path",
        "type": 1,
        "active": true,
        "config_dat": {},
        "updated_at": 1663761088180,
        "updated_by": "admin"
    },
    "ftp_file_path": {
        "name": "FTP File Path",
        "type": 1,
        "active": true,
        "config_dat": {},
        "updated_at": 1663761369194,
        "updated_by": "admin"
    },
    "dp_secure_url": {
        "name": "DP Secure URL",
        "type": 1,
        "active": true,
        "config_dat": {},
        "updated_at": 1663761513678,
        "updated_by": "admin"
    },
    "no_of_loops": {
        "name": "Number of Loops",
        "type": 2,
        "active": true,
        "config_dat": {},
        "updated_at": 1663762029559,
        "updated_by": "admin"
    },
    "wait_timer": {
        "name": "Waiting Time",
        "type": 2,
        "active": true,
        "config_dat": {},
        "updated_at": 1663762224493,
        "updated_by": "admin"
    },
    "bod_master_list": {
        "name": "BOD Master List",
        "type": 1,
        "is_list": true,
        "active": true,
        "config_dat": {},
        "updated_at": 1664437431011,
        "updated_by": "admin"
    },
    "bod_txn_list": {
        "name": "BOD Txn List",
        "type": 1,
        "is_list": true,
        "active": true,
        "config_dat": {},
        "updated_at": 1664437452241,
        "updated_by": "admin"
    },
    "dp_file_found": {
        "name": "DP57 found",
        "type": 4,
        "active": true,
        "config_dat": {},
        "updated_at": 1664516395834,
        "updated_by": "admin"
    },
    "skip_txn": {
        "name": "Skip Txn FIles",
        "type": 4,
        "active": true,
        "config_dat": {},
        "updated_at": 1665044253441,
        "updated_by": "admin"
    },
    "approve_files": {
        "name": "Approve Master Import",
        "type": 4,
        "active": true,
        "config_dat": {},
        "updated_at": 1665748679682,
        "updated_by": "admin"
    },
    "skip_master": {
        "name": "Skip Master FIles",
        "type": 4,
        "active": true,
        "config_dat": {},
        "updated_at": 1665129755642,
        "updated_by": "admin"
    },
    "skip_reconciliation": {
        "name": "Skip Reconciliation",
        "type": 4,
        "active": true,
        "config_dat": {},
        "updated_at": 1665129786073,
        "updated_by": "admin"
    },
    "username": {
        "name": "UserName",
        "type": 1,
        "active": true,
        "config_dat": {},
        "updated_at": 1665132783961,
        "updated_by": "admin"
    },
    "password": {
        "name": "Password",
        "type": 1,
        "active": true,
        "config_dat": {},
        "updated_at": 1665132797658,
        "updated_by": "admin"
    },
    "approve_reconciliation": {
        "name": "Approve Reconciliation",
        "type": 4,
        "active": true,
        "config_dat": {},
        "updated_at": 1665749136645,
        "updated_by": "admin"
    },
    "saved_file_path": {
        "name": "Saved File Path",
        "type": 1,
        "active": true,
        "config_dat": {},
        "updated_at": 1666158268434,
        "updated_by": "admin"
    },
    "saved_file_attachment": {
        "type": 1,
        "name": "Saved Attachments",
        "is_list": false,
        "active": true,
        "updated_at": 1666175682078,
        "updated_by": "admin",
        "config_dat": {}
    },
    "confirm_recon": {
        "name": "Do Reconciliation",
        "type": 4,
        "active": true,
        "config_dat": {},
        "updated_at": 1666883215059,
        "updated_by": "admin"
    }
}