{
    "bod_import_success_template": {
        "config_dat": {
            "html_email": true,
            "body_template": "bod-import.html",
            "body_type": "mailgen",
            "body": {
                "greeting": "Dear",
                "recipient_name": "Sir/Mam",
                "intro": [
                    {
                        "value": "Reconciliation has been completed"
                    }
                ],
                "signature": "Regards,<br /><br /> DP Operations Team <br /> HDFC Securities Limited <br /> I Think Techno Campus, <br /> Building - B, \"Alpha\", Office Floor 8, <br /> Near Kanjurmarg Station, Opp. Crompton Greaves, <br /> Kanjurmarg (East), Mumbai 400 042 <br /> 022-30753560/3522/3555"
            },
            "attachments": [
                {
                    "path": "{{saved_file_attachment}}",
                    "filename": null
                }
            ],
            "recipient_email": "swapnil.bodade@actionabl.ai"
        },
        "type": 2,
        "name": "Success BOD Recon Template",
        "active": true,
        "updated_at": 1666174769895,
        "updated_by": "admin"
    }
}