{
    "process2-emailtask": {
        "schedule_type": "process",
        "proc_def_key": "process2",
        "task_key": "emailtask",
        "automation_id": "emailtask",
        "execution_mode": 1,
        "active": true,
        "updated_at": 1706079065543,
        "updated_by": "admin"
    },
    "process2-logfile": {
        "schedule_type": "process",
        "proc_def_key": "process2",
        "task_key": "logfile",
        "automation_id": "logfile",
        "execution_mode": 1,
        "active": true,
        "updated_at": 1706079065580,
        "updated_by": "admin"
    }
}