{
    "cnp_process_init-cnp_process_login": {
        "proc_def_key": "cnp_process_init",
        "task_key": "cnp_process_login",
        "automation_id": "cnp_login",
        "execution_mode": 1,
        "active": true,
        "updated_at": 1663846463046,
        "updated_by": "admin"
    },
    "cnp_process_init-cnp_process_populate": {
        "proc_def_key": "cnp_process_init",
        "task_key": "cnp_process_populate",
        "automation_id": "cnp_populate",
        "execution_mode": 1,
        "active": true,
        "updated_at": 1663846463136,
        "updated_by": "admin"
    },
    "cnp_process_init-cnp_process_daily": {
        "proc_def_key": "cnp_process_init",
        "task_key": "cnp_process_daily",
        "automation_id": "cnp_daily",
        "execution_mode": 1,
        "active": true,
        "updated_at": 1663846463182,
        "updated_by": "admin"
    },
    "cnp_process_init-cnp_process_ofb": {
        "proc_def_key": "cnp_process_init",
        "task_key": "cnp_process_ofb",
        "automation_id": "cnp_ofb",
        "execution_mode": 1,
        "active": true,
        "updated_at": 1663846463228,
        "updated_by": "admin"
    },
    "cnp_process_init-cnp_process_slb": {
        "proc_def_key": "cnp_process_init",
        "task_key": "cnp_process_slb",
        "automation_id": "cnp_slb",
        "execution_mode": 1,
        "active": true,
        "updated_at": 1663846463276,
        "updated_by": "admin"
    },
    "cnp_process_init-cnp_send_email": {
        "proc_def_key": "cnp_process_init",
        "task_key": "cnp_send_email",
        "automation_id": "task_success_email",
        "execution_mode": 1,
        "active": true,
        "updated_at": 1663846463321,
        "updated_by": "admin"
    }
}