{
    "cnp_login": {
        "category": 5,
        "type": "actionabl_rpa",
        "name": "CNP Login TCS BANCS",
        "active": true,
        "config_dat": {
            "script_type": 4,
            "script_name": "custom/Contract Note Printing Process/cn_login.js",
            "script_params": {},
            "app_path": "\\\\10.176.1.205\\BancsSP11\\sp_64.exe",
            "app_user": "H8864",
            "app_password": "Hsl$3333",
            "app_password_hidden": "Hsl$3333"
        },
        "updated_at": 1666072654170,
        "updated_by": "admin"
    },
    "cnp_daily": {
        "category": 5,
        "type": "actionabl_rpa",
        "name": "CNP Daily",
        "active": true,
        "config_dat": {
            "script_type": 4,
            "script_name": "custom/Contract Note Printing Process/cn_daily.js",
            "script_params": {}
        },
        "updated_at": 1657607773277,
        "updated_by": "admin"
    },
    "cnp_ofb": {
        "category": 5,
        "type": "actionabl_rpa",
        "name": "CNP OFB",
        "active": true,
        "config_dat": {
            "script_type": 4,
            "script_name": "custom/Contract Note Printing Process/cn_ofb.js",
            "script_params": {}
        },
        "updated_at": 1657607810010,
        "updated_by": "admin"
    },
    "cnp_slb": {
        "category": 5,
        "type": "actionabl_rpa",
        "name": "CNP SLB",
        "active": true,
        "config_dat": {
            "script_type": 4,
            "script_name": "custom/Contract Note Printing Process/cn_slb.js",
            "script_params": {}
        },
        "updated_at": 1661245585800,
        "updated_by": "admin",
        "retry_count": 0
    },
    "cnp_populate": {
        "category": 5,
        "type": "actionabl_rpa",
        "name": "CN Populate CNR",
        "active": true,
        "config_dat": {
            "script_type": 4,
            "script_name": "custom/Contract Note Printing Process/cn_populate.js",
            "script_params": {}
        },
        "updated_at": 1657608357390,
        "updated_by": "admin"
    },
    "cn_ftp_site": {
        "category": 7,
        "type": "ftp",
        "name": "CN FTP Site",
        "active": true,
        "config_dat": {
            "ftp_site": "cn_ftp_site",
            "ftp_commands": [
                {
                    "command_type": 2,
                    "command_params": "w",
                    "ftp_folder": "w",
                    "local_folder": "w",
                    "prepared_list": "w"
                }
            ],
            "error_on_incomplete": true
        },
        "updated_at": 1657613217845,
        "updated_by": "admin"
    },
    "send_notif_sms": {
        "category": 5,
        "type": "actionabl_rpa",
        "name": "Send SMS Notification",
        "active": true,
        "updated_at": 1661169226147,
        "updated_by": "admin",
        "config_dat": {
            "script_type": 4,
            "script_name": "custom/Volume SMS Process/send_sms.js",
            "script_params": {
                "api_path": {
                    "type": 1,
                    "value": "http://172.16.1.238:8080/ConnectOneUrl/SendXml/SendSmsXml"
                },
                "username": {
                    "type": 1,
                    "value": "TRANSMS"
                },
                "password": {
                    "type": 1,
                    "value": "*******"
                }
            }
        }
    },
    "send_sms_api": {
        "category": 5,
        "type": "actionabl_rpa",
        "name": "Send Message API",
        "active": true,
        "config_dat": {
            "script_type": 4,
            "script_name": "custom/Contract Note Printing Process/send_error_sms.js",
            "script_params": {
                "api_path": {
                    "type": 1,
                    "value": "http://172.16.1.238:8080/ConnectOneUrl/SendXml/SendSmsXml"
                },
                "username": {
                    "type": 1,
                    "value": "TRANSMS"
                },
                "password": {
                    "type": 1,
                    "value": "transms123"
                },
                "sms_message": {
                    "type": 1,
                    "value": "Error has been generated for CNP Process"
                }
            }
        },
        "updated_at": 1661170452331,
        "updated_by": "admin"
    },
    "send_sms_script": {
        "category": 7,
        "type": "code",
        "name": "Send  Message Script",
        "active": true,
        "config_dat": {
            "script_name": "Test_Data/send_sms.js",
            "script_params": {}
        },
        "updated_at": 1661342281527,
        "updated_by": "admin"
    },
    "task_success_email": {
        "category": 7,
        "type": "send_email",
        "name": "Task Success Email",
        "active": true,
        "updated_at": 1661517329302,
        "updated_by": "admin",
        "config_dat": {
            "email_account": 181,
            "email_template": "cn_email_template",
            "email_type": 2
        }
    },
    "bod_import_files": {
        "category": 7,
        "type": "code",
        "name": "BOD Import Files",
        "active": true,
        "config_dat": {},
        "updated_at": 1663915873960,
        "updated_by": "admin"
    }
}