{
    "cn_skip_populate": {
        "name": "CN Skip Populate",
        "type": 4,
        "active": true,
        "config_dat": {},
        "updated_at": 1657608672532,
        "updated_by": "admin"
    },
    "cn_skip_login": {
        "name": "CN Skip Login",
        "type": 4,
        "active": true,
        "config_dat": {},
        "updated_at": 1657608743722,
        "updated_by": "admin"
    },
    "contract_note_type": {
        "name": "Contract Note Type",
        "type": 1,
        "control_type": 3,
        "active": true,
        "config_dat": {
            "values": [
                {
                    "display": "SLB",
                    "value": "SLB"
                },
                {
                    "display": "OFB",
                    "value": "OFB"
                },
                {
                    "value": "OFS",
                    "display": "OFS"
                },
                {
                    "display": "Common Contract Note Daily",
                    "value": "CCN"
                },
                {
                    "display": "Both OFB/OFS",
                    "value": "BOFB"
                }
            ],
            "default": "CCN"
        },
        "updated_at": 1660728394065,
        "updated_by": "admin"
    },
    "auth_sign": {
        "name": "Authorised Signatory",
        "type": 1,
        "control_type": 3,
        "active": true,
        "config_dat": {
            "values": [
                {
                    "display": "MR. A K GANESH",
                    "value": "MR. A K GANESH"
                },
                {
                    "display": "MR. BHAVIK SOTTA",
                    "value": "MR. BHAVIK SOTTA"
                },
                {
                    "value": "MR. JANARDAN HARAYAN",
                    "display": "MR. JANARDAN HARAYAN"
                },
                {
                    "display": "MR. KISHOR GHODKE",
                    "value": "MR. KISHOR GHODKE"
                },
                {
                    "display": "MR. MANJESH PUTHOOR",
                    "value": "MR. MANJESH PUTHOOR"
                },
                {
                    "display": "MR. ROHIT GANGOLA",
                    "value": "MR. ROHIT GANGOLA"
                },
                {
                    "display": "MR. SANTOSH MAHADIK",
                    "value": "MR. SANTOSH MAHADIK"
                },
                {
                    "display": "MR. SHYAM JADHAV",
                    "value": "MR. SHYAM JADHAV"
                },
                {
                    "display": "MR. SURESH MAHAJAN",
                    "value": "MR. SURESH MAHAJAN"
                },
                {
                    "display": "MR. SWAPNIL SURVE",
                    "value": "MR. SWAPNIL SURVE"
                },
                {
                    "display": "MR. VIVEK JOSHI",
                    "value": "MR. VIVEK JOSHI"
                },
                {
                    "display": "MR. VIVEK KADAM",
                    "value": "MR. VIVEK KADAM"
                },
                {
                    "display": "MR. YATIN SAWANT",
                    "value": "MR. YATIN SAWANT"
                },
                {
                    "display": "MR.ATISH PASHTE",
                    "value": "MR.ATISH PASHTE"
                },
                {
                    "display": "MR.SAJEESH GEORGE",
                    "value": "MR.SAJEESH GEORGE"
                },
                {
                    "display": "MR.SURESH MAHAJAN",
                    "value": "MR.SURESH MAHAJAN"
                },
                {
                    "display": "MR.VIVEK JOSHI",
                    "value": "MR.VIVEK JOSHI"
                }
            ],
            "default": "MR.SAJEESH GEORGE"
        },
        "updated_at": 1660302420531,
        "updated_by": "admin"
    },
    "file_save_path": {
        "type": 1,
        "name": "File Saving Path",
        "active": true,
        "updated_at": 1660303959438,
        "updated_by": "admin",
        "config_dat": {
            "readOnly": true
        }
    },
    "client_per_thread": {
        "name": "Client Per Thread",
        "type": 2,
        "active": true,
        "config_dat": {},
        "updated_at": 1660911014262,
        "updated_by": "admin"
    },
    "api_path": {
        "name": "API path",
        "type": 1,
        "active": true,
        "config_dat": {},
        "updated_at": 1661426384970,
        "updated_by": "admin"
    },
    "username": {
        "name": "User Name",
        "type": 1,
        "active": true,
        "config_dat": {},
        "updated_at": 1661426420835,
        "updated_by": "admin"
    },
    "password": {
        "name": "Password",
        "type": 1,
        "active": true,
        "config_dat": {},
        "updated_at": 1661426435496,
        "updated_by": "admin"
    },
    "daily": {
        "name": "CNP Daily",
        "type": 4,
        "active": true,
        "config_dat": {},
        "updated_at": 1663171878516,
        "updated_by": "admin"
    },
    "slb": {
        "name": "SLB",
        "type": 4,
        "active": true,
        "config_dat": {},
        "updated_at": 1663171898820,
        "updated_by": "admin"
    },
    "ofs": {
        "name": "OFS",
        "type": 4,
        "active": true,
        "config_dat": {},
        "updated_at": 1663171942476,
        "updated_by": "admin"
    },
    "ofb": {
        "name": "OFB",
        "type": 4,
        "active": true,
        "config_dat": {},
        "updated_at": 1663171956805,
        "updated_by": "admin"
    },
    "both": {
        "name": "Both OFB OFS",
        "type": 4,
        "active": true,
        "config_dat": {},
        "updated_at": 1663171986659,
        "updated_by": "admin"
    },
    "cnp_type_list": {
        "name": "CNP Type List",
        "type": 1,
        "is_list": true,
        "active": true,
        "config_dat": {},
        "updated_at": 1663172332717,
        "updated_by": "admin"
    },
    "process_complete": {
        "name": "Process Complete",
        "type": 4,
        "active": true,
        "config_dat": {},
        "updated_at": 1663172558916,
        "updated_by": "admin"
    }
}