{
    "cnp_form": {
        "config_dat": {
            "file": "cnp_input_updated.xml",
            "form_layout": {
                "typ": "layout",
                "children": [
                    {
                        "typ": "table",
                        "class": "custom_tbl",
                        "style": "width: 100%;",
                        "children": [
                            {
                                "typ": "tbody",
                                "children": [
                                    {
                                        "typ": "tr",
                                        "children": [
                                            {
                                                "typ": "td",
                                                "style": "width: 50.1006%;",
                                                "children": [
                                                    {
                                                        "typ": "field",
                                                        "id": "daily"
                                                    }
                                                ]
                                            },
                                            {
                                                "typ": "td",
                                                "style": "width: 50.1006%;",
                                                "children": [
                                                    {
                                                        "typ": "field",
                                                        "id": "slb"
                                                    }
                                                ]
                                            }
                                        ]
                                    },
                                    {
                                        "typ": "tr",
                                        "children": [
                                            {
                                                "typ": "td",
                                                "style": "width: 50.1006%;",
                                                "children": [
                                                    {
                                                        "typ": "field",
                                                        "id": "ofs"
                                                    }
                                                ]
                                            },
                                            {
                                                "typ": "td",
                                                "style": "width: 50.1006%;",
                                                "children": [
                                                    {
                                                        "typ": "field",
                                                        "id": "ofb"
                                                    }
                                                ]
                                            }
                                        ]
                                    }
                                ]
                            }
                        ]
                    },
                    {
                        "typ": "table",
                        "style": "border-collapse: collapse; width: 100%; border-style: none; margin-left: auto; margin-right: auto;",
                        "border": "1",
                        "children": [
                            {
                                "typ": "tbody",
                                "children": [
                                    {
                                        "typ": "tr",
                                        "style": "border-style: none;",
                                        "children": [
                                            {
                                                "typ": "td",
                                                "style": "width: 97.0319%; border-style: none; text-align: center; vertical-align: middle;",
                                                "children": [
                                                    {
                                                        "typ": "field",
                                                        "id": "both"
                                                    }
                                                ]
                                            }
                                        ]
                                    },
                                    {
                                        "typ": "tr",
                                        "children": [
                                            {
                                                "typ": "td",
                                                "style": "width: 97.0319%;",
                                                "children": [
                                                    {
                                                        "typ": "field",
                                                        "id": "auth_sign"
                                                    }
                                                ]
                                            }
                                        ]
                                    },
                                    {
                                        "typ": "tr",
                                        "children": [
                                            {
                                                "typ": "td",
                                                "style": "width: 97.0319%;",
                                                "children": [
                                                    {
                                                        "typ": "field",
                                                        "id": "client_per_thread"
                                                    }
                                                ]
                                            }
                                        ]
                                    },
                                    {
                                        "typ": "tr",
                                        "children": [
                                            {
                                                "typ": "td",
                                                "style": "width: 97.0319%;",
                                                "children": [
                                                    {
                                                        "typ": "field",
                                                        "id": "cn_skip_login"
                                                    }
                                                ]
                                            }
                                        ]
                                    },
                                    {
                                        "typ": "tr",
                                        "children": [
                                            {
                                                "typ": "td",
                                                "style": "width: 97.0319%;",
                                                "children": [
                                                    {
                                                        "typ": "field",
                                                        "id": "cn_skip_populate"
                                                    }
                                                ]
                                            }
                                        ]
                                    }
                                ]
                            }
                        ]
                    },
                    {
                        "typ": "p",
                        "children": [
                            " "
                        ]
                    }
                ]
            }
        },
        "type": 1,
        "name": "CNP FORM",
        "active": true,
        "updated_at": 1663849736743,
        "updated_by": "admin"
    },
    "apprv_file": {
        "config_dat": {
            "file": "approve_files.xml"
        },
        "type": 1,
        "name": "Approve Files",
        "active": true,
        "updated_at": 1665120897327,
        "updated_by": "admin"
    }
}