{
    "cn_ftp_site": {
        "config_dat": {
            "host": "hdfc.com",
            "port": 22,
            "user": "hdfc",
            "password": 23232,
            "api": 1,
            "protocol": 2,
            "connection_params": "-privatekey=\"d:/BSE/pvt_key.ppk\" -rawsettings ProxyMethod=3 ProxyHost=172.16.1.30 ProxyPort=3128"
        },
        "type": 3,
        "name": "CN FTP Site",
        "active": true,
        "updated_at": 1657609671895,
        "updated_by": "admin"
    },
    "cn_email_template": {
        "config_dat": {
            "recipient_email": "swapnil.bodade@actionabl.ai",
            "email_subject": "Contract Note Printing Process for {{contract_note_type}} has been completed.",
            "html_email": true,
            "body_type": "mailgen",
            "body": {
                "intro": [
                    {
                        "value": "Report for Contract Note Printing Process for {{contract_note_type}} has been completed."
                    }
                ],
                "outro": [
                    {
                        "value": "This is an automated message. Please do not reply to this email."
                    }
                ],
                "greeting": "Hello All",
                "signature": "Regards <br> HSLSC Team"
            },
            "readOnly": true,
            "body_template": "hdfc-CNP.html"
        },
        "type": 2,
        "name": "CNP notification email template",
        "active": true,
        "updated_at": 1661516256052,
        "updated_by": "admin"
    },
    "cnp_exception": {
        "config_dat": {
            "email_subject": "New {{process_key}} - {{task_key}} task {{orig_buss_id}} has been created.",
            "html_email": true,
            "body_type": "mailgen",
            "body": {
                "recipient_name": "there",
                "intro": [
                    {
                        "value": "Error has been generated while {{task_key}}  Process <br> {{error_message}}"
                    }
                ],
                "outro": [
                    {
                        "value": "This is an automated message. Please do not reply to this email."
                    }
                ],
                "dictionary": "{{error_message}}",
                "signature": "Regards <br>Actionabl Team"
            },
            "readOnly": true,
            "body_template": "hdfc-CNP.html",
            "recipient_email": "swapnil.bodade@actionabl.ai"
        },
        "type": 2,
        "name": "CNP Exception email template",
        "active": true,
        "updated_at": 1661518124272,
        "updated_by": "admin"
    },
    "cnp_msg_exception": {
        "config_dat": {
            "message": "New {{process_key}} - {{task_key}} task {{orig_buss_id}} has been created while {{contract_note_type}} Process",
            "readOnly": true
        },
        "type": 4,
        "name": "CNP Exception message template",
        "active": true,
        "updated_at": 1661426780342,
        "updated_by": "admin"
    }
}