{
    "cnp_process_init": {
        "proc_def_key": "cnp_process_init",
        "task_key": "*",
        "active": true,
        "task_notification": {
            "email": true,
            "sma": true,
            "sms": true,
            "recipient_email": "swapnil.bodade@actionabl.ai;mansi.phuria@featsystems.com",
            "email_account": 181,
            "email_template": "cnp_exception",
            "data_fields": [
                {
                    "field": "contract_note_type"
                }
            ],
            "message_template": "cnp_msg_exception",
            "phone": 918369136113
        },
        "updated_at": 1662464125734,
        "updated_by": "admin"
    }
}