{
    "readcompliancefile": {
        "category": 5,
        "type": "actionabl_rpa",
        "name": "readcompliancefile",
        "active": true,
        "config_dat": {
            "script_type": 4,
            "script_name": "test_custom_RPA/Compliance_Circular_HDFC/compliance_circular_updated_file.js",
            "app_user": "admin",
            "app_password": "act",
            "script_params": {}
        },
        "updated_at": 1710221050274,
        "updated_by": "admin"
    },
    "complianceemailsender1": {
        "category": 7,
        "type": "send_email",
        "name": "complianceemailsender1",
        "active": true,
        "config_dat": {
            "email_account": "complianceemailaccount",
            "email_template": "compliancesuccessemailtemp",
            "email_type": 2
        },
        "updated_at": 1710487465504,
        "updated_by": "admin"
    },
    "complianceemailsender2": {
        "category": 7,
        "type": "send_email",
        "name": "complianceemailsender2",
        "active": true,
        "config_dat": {
            "email_account": "complianceemailaccount",
            "email_template": "compliancenotificationtemp",
            "email_type": 2
        },
        "updated_at": 1710487710550,
        "updated_by": "admin"
    }
}