{
    "compliance_email_sender-readcompliancefile": {
        "schedule_type": "process",
        "proc_def_key": "compliance_email_sender",
        "task_key": "readcompliancefile",
        "automation_id": "readcompliancefile",
        "execution_mode": 1,
        "active": true,
        "updated_at": 1710161891689,
        "updated_by": "admin"
    },
    "compliance_email_sender-sendsuccessemail": {
        "schedule_type": "process",
        "proc_def_key": "compliance_email_sender",
        "task_key": "sendsuccessemail",
        "automation_id": "complianceemailsender",
        "execution_mode": 1,
        "active": true,
        "updated_at": 1710161891745,
        "updated_by": "admin"
    },
    "compliance_email_sender-sendunsuccessemail": {
        "schedule_type": "process",
        "proc_def_key": "compliance_email_sender",
        "task_key": "sendunsuccessemail",
        "automation_id": "emailsender",
        "execution_mode": 1,
        "active": true,
        "updated_at": 1710161891786,
        "updated_by": "admin"
    },
    "compliance_email_sender-successnotification": {
        "schedule_type": "process",
        "proc_def_key": "compliance_email_sender",
        "task_key": "successnotification",
        "automation_id": "complianceemailsender",
        "execution_mode": 1,
        "active": true,
        "updated_at": 1710161891827,
        "updated_by": "admin"
    }
}