{
    "complianceemailaccount": {
        "config_dat": {
            "user": "furquan.ansari@featsystems.com",
            "password": "@0iam@Mumbai9@",
            "incoming_server": {
                "host": "mail.featsystems.com",
                "port": 993,
                "protocol": "imap"
            },
            "outgoing_server": {
                "host": "mail.featsystems.com",
                "port": 25
            }
        },
        "type": 1,
        "name": "complianceemailaccount",
        "active": true,
        "updated_at": 1710150695554,
        "updated_by": "admin"
    },
    "complianceemailtemp": {
        "config_dat": {
            "cc_email": "furquanansari274@gmail.com,furquanansari274@outlook.com",
            "from_email": "furquan.ansari@featsystems.com",
            "html_email": true,
            "body_type": "mailgen",
            "attachments": [
                {
                    "filename": "{{file}}",
                    "path_field": "attachment",
                    "content_field": "attachment"
                }
            ],
            "body": [
                {
                    "template": "emailTemplateBuilder.js",
                    "action": "greetings",
                    "greetings": "Hi",
                    "recipient_name": "all"
                }
            ]
        },
        "type": 2,
        "name": "complianceemailtemp",
        "active": true,
        "updated_at": 1710160814481,
        "updated_by": "admin"
    },
    "complianceemailtemp1": {
        "config_dat": {
            "from_email": "furquan.ansari@featsystems.com",
            "html_email": true,
            "body_type": "mailgen",
            "body": {
                "greeting": "Good Day",
                "recipient_name": "EveryOne",
                "intro": [
                    {
                        "value": "Updated Circular file are available in the attachment. Pls take a look."
                    }
                ],
                "signature": "featsystems Pvt. Ltd"
            },
            "attachments": [
                null
            ],
            "email_subject": "Circular attachment file",
            "cc_email": "furquanansari274@gamil.com; furquanansari274@outlook.com",
            "body_template": "hdfc-cml.html"
        },
        "type": 2,
        "name": "complianceemailtemp1",
        "active": true,
        "updated_at": 1710483312503,
        "updated_by": "admin"
    },
    "complianceemailtemp2": {
        "config_dat": {
            "recipient_email": "furquanansari274@gmail.com",
            "from_email": "furquan.ansari@featsystems.com",
            "email_subject": "Success Mail",
            "html_email": true,
            "body_type": "mailgen",
            "body_template": "hdfc-cml.html",
            "body": {
                "greeting": "Hi",
                "recipient_name": "Furquan",
                "signature": "Muhammad Furquan Ansari",
                "action": {},
                "intro": [
                    {
                        "value": "Your circular attachment mail sent to all cc successfully"
                    }
                ]
            }
        },
        "type": 2,
        "name": "complianceemailtemp2",
        "active": true,
        "updated_at": 1710478822117,
        "updated_by": "admin"
    },
    "compliancesuccessemailtemp": {
        "config_dat": {
            "cc_email": "furquanansari274@gmail.com, furquanansari274@outlook.com",
            "from_email": "furquan.ansari@featsystems.com",
            "email_subject": "Compliance Circular file",
            "html_email": true,
            "body_type": "mailgen",
            "body_template": "hdfc-cml.html",
            "attachments": [
                {
                    "filename": "{{address}}",
                    "path_field": "file",
                    "content_field": "file"
                }
            ],
            "body": {
                "greeting": "Good Day",
                "recipient_name": "Everyone",
                "signature": "FeatSystems Pvt.Ltd",
                "intro": [
                    {
                        "value": "Updated circular file are available in the attachment, Pls take a look."
                    }
                ]
            }
        },
        "type": 2,
        "name": "compliancesuccessemailtemp",
        "active": true,
        "updated_at": 1710487419767,
        "updated_by": "admin"
    },
    "compliancenotificationtemp": {
        "config_dat": {
            "recipient_email": "furquan.ansari@featsystems.com",
            "email_subject": "Success Mail Notification",
            "html_email": true,
            "body_type": "mailgen",
            "body_template": "hdfc-cml.html",
            "body": {
                "intro": [
                    {
                        "value": "Your circular attachment file successfully sent"
                    }
                ],
                "greeting": "Hi",
                "recipient_name": "Furquan",
                "signature": "Muhammad Furquan Ansari"
            }
        },
        "type": 2,
        "name": "compliancenotificationtemp",
        "active": true,
        "updated_at": 1710500122466,
        "updated_by": "admin"
    }
}